dX rot,dY rot,dX rot(CF),dY rot(CF)
11.19257733322595,26.17825639421511,1.111831249469441,3.5640224413318142
14.194261722103803,62.77598685354276,2.4802623638702195,9.72348719912518
2.5621455535019546,27.440268555425078,2.1366792729056012,11.930459758069784
-14.947267001234223,44.41169709197867,0.37581313441989095,15.749929478265036
12.89790373031096,68.19220443278309,1.9144057163687123,21.00686405715929
-17.719395299928294,55.48072248460279,-0.10929118042897379,23.664837298567154
5.9800540982225225,50.9545328540455,1.0084022174851834,26.91738173068424
22.88403451205371,116.90290375019221,2.759083124338137,33.258223347372706
-4.670221763320278,0.7761083714580561,1.1329539793733518,26.55512973030935
-7.076779165581311,5.0404764776164495,0.04034376638465087,21.841720499397642
-3.5697401719619357,7.893427254239908,-0.22521229850147437,18.338937946365753
14.665684452978695,4.7065444056886285,1.6061530185746695,15.375205116084722
17.957385989583557,0.05978321501548933,3.2619671289065515,12.663341785818917
-1.6719090212312508,-7.503959176958279,2.57316860565883,9.997206085954057
-17.565531091879627,-7.836377388289225,0.6640616792854632,8.257666436126312
1.0500163307131851,8.764593564604278,1.5363526862448653,9.159833134740548
17.336804696542714,14.693431171632652,4.021556773901105,10.956900155367546
17.29561309959407,27.45712422768506,5.553838261508318,13.773896261932617
6.304651099802204,40.401168764389304,5.4533465719585275,17.254961570616032
3.0806933317747474,35.77942431210209,5.06962412273966,19.333287837397144
8.994069141815535,38.89589491346952,5.28524446941516,21.354552004432996
6.057500491964431,48.939828496844505,5.084864977552153,23.566148915613727
4.573074925794645,44.32295234640908,4.672989468240128,24.555688873051277
6.125773661353508,41.72727006350022,4.367364365695202,24.692231488768158
5.054218188685904,36.047832968641146,3.8685103647576105,23.65505457807469
5.267421561926891,28.075832845344582,3.5664404301128574,22.029950313821104
5.382488511924813,17.625095632115414,3.211809643920933,18.9995835331068
11.07565332199965,9.296444056163082,3.437295315083674,15.396880915943695
14.185516539055826,-1.4484214952064258,3.7609569717855553,11.212992769156871
11.244894319326407,5.401209132010328,3.611771205491946,8.450602873558498
2.3743844116871617,7.867221240217024,2.504900714065667,6.214123343899793
-8.627399483284862,-4.797531592391923,0.46811455382015865,3.100268549848794
-14.937164705490494,-10.947127198475515,-1.834391183651481,0.0015664100118650826
-14.736871835089012,-7.853390843930286,-3.619953247927873,-2.1279155455777135
-9.17788107783759,-5.841384356055759,-4.288271108955714,-3.527355742042796
14.838528922565082,4.319196293712199,-2.3908090847505266,-3.8410038190344595
10.636275227430326,2.3024547278570218,-1.5300695948242917,-4.350819419426941
-0.5223014544186686,-7.3853799176305355,-2.1583909149753358,-5.4106733236156845
-16.17924533676497,-4.977545335933103,-4.532576342049112,-6.027897614970414
-28.16991101237331,1.1413771604592995,-7.676311571441992,-5.916816242780718
-17.31132910520353,-13.170411183840391,-9.030147443522035,-6.998955277219792
-8.267227263937231,6.881320664912057,-9.249105668363104,-5.532069582145508
-7.476880607325188,24.573305297473382,-9.332317258265086,-2.6366380729377417
-8.025049227543406,17.908540594815452,-9.65693785754187,-1.3112309756649747
-14.534319294163538,9.956341030796146,-10.604453575084554,-1.2452343884063772
-17.191215732211212,-17.619892568324982,-11.599295484966259,-3.9442363456495944
-20.45273273733976,-24.530420319441426,-12.54098132161649,-6.410192980946235
-8.55117933507512,-11.12405323413362,-11.716590281674126,-6.7121183127676645
3.511125671229385,1.8799813681004665,-9.625046594144674,-5.384772204368732
8.122251450936265,13.925251476306336,-7.472428445777349,-3.2630178199543867
7.6652077154135885,11.672067175378032,-6.07394476260382,-2.185828319968633
7.144301846062561,-2.6902488466277674,-5.08186559457674,-2.652194541340612
2.547780553814453,-11.993050052982632,-4.769685586272568,-3.6763778039247805
3.095961955358319,2.907519401767111,-4.4894247422888345,-2.8191447955543834
-3.0306952315351388,5.42640816825142,-4.871958971305352,-2.01870029749692
-1.0077694196113827,13.799864844522105,-4.906424986782264,-0.34634566227451913
-1.748358771605166,14.369707594909897,-5.093003892099206,0.857565892065644
-11.541037716316211,4.021417390711193,-6.427792807174084,0.7810994497816512
-17.71231224893952,-8.656915227781397,-8.131609173095525,-0.4727130934866762
-18.306669486565557,-9.08226660164852,-9.574198632982867,-1.440458902834881
-16.40341186598676,-1.8202841946692487,-10.54783581096899,-1.3903766292538675
-16.640751645409175,4.248657741108936,-11.43315702737908,-0.4762373375421624
-10.05186180080017,5.145795479543487,-11.34230656110737,0.6566711461018169
-6.12783305907229,4.383860888070856,-10.823515603966507,1.5134347436828934
-8.533842330192932,8.278655381371635,-10.722536652461274,2.5655530351636875
-6.967803641587489,13.864311347020042,-10.653469484604102,3.7277272740498955
-17.313248930265775,3.6123036655984606,-11.757150502693623,3.776469914601761
-27.66361125512091,-0.3323959463616717,-13.71272844754182,3.7987403288644943
-19.012248189872096,13.400912247318793,-14.214598635898943,5.308402695522203
-11.10651712847835,20.062522343469197,-13.727702824021517,7.114832162838814
-7.2078445130656,16.648873908825358,-13.040999816651636,8.113754412997093
-11.458110871823948,13.878083401110459,-12.966303737907824,8.554309053358866
-20.71545048752436,13.444837876822263,-13.842193134884031,8.788667046168076
-16.799699449016593,15.298788677495835,-14.039900791670325,9.047699551919726
-13.273142219121096,10.04305209172621,-13.904883387740579,8.553543753784377
-4.888661225596439,5.200456610056463,-12.870034369940019,7.731432045732081
4.349574308445272,2.74204197860918,-11.03912151575695,7.3835401109974494
-8.966473361675044,14.9485690280503,-10.94114799654253,8.45111590009898
-18.467897877009808,13.519531552743729,-11.834480091285252,9.039721555841208
-19.075241177026477,13.098675680069718,-12.550463130923964,9.228101882630156
-13.370670666452277,11.849250377095373,-12.571630819064389,9.272717176852664
-12.232929279556112,13.714571024500813,-12.521193659512537,9.597562329410104
-10.64139845560337,13.625926710537243,-12.339239485434613,10.199563851104974
-8.93248406445491,13.539166530690323,-12.001371589987196,10.938676038758473
-1.8728856680753445,8.168608608714422,-10.924825513943945,11.4675894606762
-10.666614171433956,15.635776120932945,-11.000351963427486,13.05721500943109
-14.929569138125053,14.810819395861557,-11.354508938043969,14.792735510191346
-13.848530900755954,13.512672383676133,-11.445620215968123,16.119591633166266
-5.164245654510179,12.33538708363848,-10.508095244860415,17.11322923003284
-0.5041358918958609,11.981419831335515,-9.448547228860448,17.378165456735264
-5.52634252213152,12.333994422134523,-9.35429741144868,17.366194861470255
-15.055167698287413,7.813590680075322,-10.252952897771475,16.874124027501566
-15.710063183817848,7.810154270318833,-10.887305690446302,16.56033876893705
-4.372239640458243,6.776869224902285,-10.109123704981068,16.370022665752
1.1586161894077094,5.364777714638123,-8.86392929400927,16.383614643270683
-6.732711485329068,13.198586492706355,-8.71538492432098,16.85601517461022
-4.836343373024425,11.920486803549593,-8.44667153836408,17.2353025318845
-10.234607344427381,11.044845352802326,-8.794335924069467,17.493283038740863
0.6513693143080928,6.208889756065801,-8.000242388335526,17.909168904298888
0.14369821475760958,11.076761346232118,-7.375594425810376,20.24857900752915
-5.2945759389961875,11.476677780123524,-7.588913436818774,21.96460584156408
-8.063387554989113,14.431712179169054,-7.822396670786092,23.52744743396943
5.847731411883592,13.061325448898025,-6.445957973766707,24.955777907689836
-2.617447934249798,11.102673653864095,-6.158262001269777,25.96520244058538
3.7081247175795227,22.086733931748533,-4.862929519144327,29.15969453598523
-2.015856143071474,23.86887275889807,-4.932453436855029,30.373084693425817
-6.617770591371668,19.651517046091705,-5.194861947872357,30.656533439782166
5.985647431284361,16.794923101494312,-3.99968498319299,31.294361112522164
3.8112484641322286,21.829032756604484,-3.355984368881135,31.716150806026192
3.6683984473995164,27.794293723060626,-2.9134397860289587,32.60647315829165
-7.146235478882945,23.5280570386275,-3.9209165689060352,32.15933868915251
-1.5818523920011263,24.68073700042322,-3.6021694426433686,32.40394845624351
9.663212291232714,19.047970626250937,-1.9439153658212838,32.45119423721308
0.11400196783961114,25.84602649226401,-1.6328260037246238,33.42563001236063
11.724391576691714,28.495270496462545,-0.07033538677847373,34.67974504187607
9.78164148568452,37.80964493528348,0.7452012987924741,36.62077818050656
1.41154679069035,38.44250025446403,0.5151487373988416,38.4054902875514
1.1623162893163013,35.8842356913853,0.7515458779646398,40.14873589191885
19.33260717882808,36.00511856039492,3.172656497087436,42.085949800216945
12.047375406966172,44.4970447558876,3.7548275576005405,44.082837799810875
11.907531460457598,51.31078584445338,4.703514256953127,46.95682592965091
5.099574586007,53.583334490745656,4.617332775393226,49.0549791478097
10.359553574416239,39.71123087682459,5.7177535935214525,50.23501475150308
19.24765302481475,44.52924206792646,7.66936251920053,52.30547637411554
19.489605109927904,65.16083974653343,9.010696927744899,55.64136497162443
1.9998824065920697,72.8184725316302,7.76608316865786,57.93313305814016
14.388313209589406,45.007665465071966,8.896266795856413,58.10676876082989
21.044420464887285,58.166709434253946,10.372479385934088,59.89870249419994
16.59789396071215,76.38158187618264,10.6634141720424,61.84962916465957
12.405847600717607,63.255093573461494,10.520326955388652,61.399203717498054
16.835430588188707,49.177669968750585,11.139091832309035,60.64981896456751
20.62761303645654,63.018749782417586,12.330659456520467,62.02307693572213
22.78120443782325,66.99453911363436,12.93850837973514,62.51887652443251
12.91102718787683,71.65648235870658,11.814243464766076,62.575902202773634
0.6269482993325406,69.90691979745382,9.961761059090406,63.07509616820346
21.541954271346324,60.05383605428061,11.377490593263477,63.15624718568144
18.62530150694572,72.1986048708396,11.42498732356783,63.6829938322975
2.6588111573383064,72.97916619382559,9.808610308113415,64.05364036264143
13.33447696696577,66.36296018533035,9.953691976906889,63.880526731487954
10.201513979259637,64.05564219477834,9.850784176790071,63.50789999755952
16.113695330248074,72.13829596664618,10.623632528168773,64.77035017680613
13.030157252042148,72.5384803199578,10.517688479308378,64.5652148327012
2.9732436674021905,48.15251723329188,9.370706764590524,61.67485492264788
15.020067305551688,66.95429099585674,10.568082676168657,63.037025560169404
17.253116889988714,69.97989467381227,11.868713321249778,63.83179020069869
21.971591633525353,66.67613342567316,12.996301640988783,63.737872947507256
8.795258283854523,64.07362017476962,12.421677922002532,63.4731500723364
0.43198487458523704,69.687669641084,11.89957992164203,64.85290146043523
26.57020999972215,77.13685528101155,14.374495368773932,66.10358426108398
20.23249787808573,69.33654943798042,15.01058942779315,64.86639951826737
19.878139074745796,63.8598189293332,15.430550939481265,63.60368718035183
12.974870210372588,80.53172476411893,14.810448906444215,63.60525399987003
4.434685484307553,61.642002837826375,13.127869827457685,60.888545271400176
19.93947573881278,51.17723902796302,13.977782424182925,58.467477464053474
16.690675246766197,61.46445932957249,14.111058170413997,57.80123189790696
18.19448392856447,71.38264702120651,13.987861195428636,57.17796281211103
1.6203539404045864,53.950648463466386,11.180257949807292,53.36392205250526
-4.9730073586762655,36.56756415978954,8.753756021311274,49.64279182220801
4.876065195422412,48.63781827883698,8.67213450932443,48.61455478668582
17.63718137103235,47.90780579427995,9.87074366756572,47.590406422270654
5.538523004372918,55.28036530072761,9.166105487078717,47.31811827967911
-0.15218708025251448,62.74183105095646,8.519287414268234,47.31335179925264
16.32549397613424,53.086667991028584,10.024937312140155,45.33107156212373
9.865233800985852,32.412343033510425,9.993900587174192,41.4573294161434
16.371657827777057,40.0176815120187,10.700912177302207,39.815100484025265
11.507789145733105,43.07189132774165,10.32354750186823,38.58164295316333
-0.5907102299176427,33.84851511843294,8.66653338547889,36.38640444391627
14.094884290647238,31.253866231236756,9.18463454177883,34.21288528833928
14.469193576898817,32.56490488374004,9.257349469457102,32.91498523481764
2.899891799603274,31.915122944496503,7.736395233204086,31.3638811101582
7.996224535118666,27.99859057861798,6.938810955045942,29.94828423098662
4.259375157643072,23.45731713737701,5.710897531487554,28.278706586227408
4.20375032722896,24.134110425522607,4.834497005377618,27.09472479157967
9.121221030286296,33.829972342610304,4.514702682883934,26.782158643488643
8.432018623191526,26.905720093218495,3.9244560102263564,25.272189498511807
-6.566163598724686,20.135621171825292,1.9772606444215488,23.73003970907451
4.376136237484321,33.1639682144322,1.4938708684529196,23.277559619154324
2.4720502323787867,16.538917678373434,0.5828733988739812,20.67748276695301
-1.7946874846877687,13.714338663855969,-0.489404305156398,18.7495386720695
-3.4299258723694344,19.566647528157517,-1.184426876956317,18.07043389829837
-0.44163471640306873,21.24575616022221,-1.307432458401272,17.50960684432679
6.688674176697474,17.446679333758023,-0.587731361899,16.57922779857256
10.154152415508499,16.54041733033412,0.0911837441775909,15.56852179003651
2.471417412682823,14.277988210280471,-0.32480138586699914,14.653329379916837
-1.661888261695683,22.75608864520281,-1.166958888761497,14.472778413323795
0.11565515494584,16.050485344405896,-1.6035345419339992,13.217088233736892
7.5958193268854775,18.17329988410079,-1.3003253435566522,12.082280275363786
-4.364090861930015,13.31374874597854,-2.8084682669425782,9.791588463774135
-5.482275577938525,0.3882085487796818,-3.7860284120616674,7.058096843767088
-1.9622949396926064,0.15062224930833534,-4.171067395538633,4.827516628178974
-0.7019100292277756,4.991218323622235,-4.27324882293624,3.8296404434296996
-2.9239170772909095,-0.49679560676743817,-4.679899207444362,2.204405852963113
-10.461140303087575,-7.25288352733941,-5.393188717823173,0.982362936607869
-3.7644924689835,2.4885244582076718,-4.8852755170492825,1.2094994341839262
9.018334805899798,14.792168825602571,-3.2423361317123676,2.378290983898102
5.92645292669633,8.692761106704431,-2.637243578097436,2.2873950166421455
-0.916034217854552,-3.1365700781789823,-2.990867131445542,1.0862686324541937
0.6700079468437892,-0.002282457870666832,-2.9196829716498796,0.9074415477681923
-0.17228904032060388,10.119038947757435,-3.1188277599139096,1.393627931886681
-1.2619018082801912,2.6712781217496833,-3.347506433219632,1.056050485245036
4.628456350122475,-1.433638354581765,-2.8247157504390907,0.7283986617451655
5.810268663808367,7.398718415888166,-2.5864608622012715,1.7582205443206766
1.483527683108921,1.1427355712322615,-3.091437599642293,1.9752547219680476
-6.381689472473892,2.6701605193453073,-4.331456364084375,2.3715954806123105
5.645328645191801,5.693404927603071,-4.140922970215299,3.1694136610268404
-6.080547543877362,6.444523556856607,-5.670953783876602,3.8488677378605605
-16.177510504046985,2.9727824203377065,-7.619824452533143,4.462486773159618
-2.507663642197997,5.589284295309351,-7.336301167442718,5.8884931712109
6.0141252635640825,12.111425630850261,-6.413781098825333,7.783255287993859
-1.9881324317107563,22.62808270252519,-7.165088607208658,10.423826458767875
-12.05602302209694,18.367403379520262,-8.9712459852764,11.758791381621714
-8.637020136861684,12.853328993945276,-9.969034208270154,12.52923883914363
-9.051914381188963,15.719376099807693,-10.721699860783293,13.706620079361832
-6.7544222687087725,10.262215389976674,-10.848886176063337,14.763653615388835
-2.657423381076269,21.59344777301418,-10.66165095210072,16.924472009743226
-15.554986645545283,19.735433071020772,-12.058824895972881,18.763108950124582
-13.521403905624066,31.010065215469563,-12.713765890621278,21.819531929784205
-7.244790633048719,23.547861175597728,-12.580977006146682,23.6496973782413
-0.44195152146607697,25.896331093789698,-11.806948492192268,25.733678264775236
-12.49514612552097,40.37841507758429,-12.313396964939834,28.844476672869472
-13.218132586052587,35.256380705076225,-12.706643006411081,30.374317524517313
-15.605640026754726,31.11237462717406,-12.944690426995145,31.635186592020606
-19.067270343300788,42.484650354073665,-13.338943518382928,33.93077186441949
-15.4778158471259,44.04980388807271,-12.998476012779715,35.84508586398752
-9.164315643968193,35.03427905779388,-12.10732571521384,35.987506164043175
-5.711333585748076,38.06945826323365,-11.073665517561427,36.69480179333302
-2.533781927790132,41.84607999136239,-10.124471764251286,37.25142940040932
-12.45859757447702,39.457490388393914,-10.528841607217966,37.326268403561926
-8.699501699530561,42.048948836637535,-10.375872310949537,37.15744564966284
-14.895410805688105,36.1197869652939,-10.836415852072133,36.324712295728304
-2.6160035323427397,31.421226794248938,-9.736909763560258,35.25817294371589
-5.719090441055219,34.794047324397646,-9.277830608313666,34.56147509892713
-4.962478566858939,27.72451115770827,-8.766123155411645,33.21428971757595
-9.261629513265321,34.63201322599591,-8.624217424086622,33.128794834261
-3.691155286012501,38.71888346297245,-7.8759028712310295,33.15684109288189
-2.5919664144396712,33.34003200773006,-7.343888041118087,32.16107766021617
-4.233577271513674,21.814863594484272,-7.1774716794456905,29.97279643481195
-3.280826750199884,30.740435255278804,-6.866662040361714,29.57362449562747
-4.54217097367963,38.83598724344085,-6.894133575663935,29.54969514237238
-6.913138491194994,35.82694297948571,-7.162667738865106,28.84839983848598
-11.700679767890795,23.07759043067778,-8.026595801469972,26.480854526593347
-16.13408453542526,18.66084697931606,-9.001648477386071,23.885108121101236
-1.3819913860485276,18.82682474392878,-7.9374897364764765,22.303472590261997
-6.022416242688237,12.753452646682426,-7.3916856355198615,20.877656852583346
-6.207099744716976,27.004430756997536,-6.836134868334941,21.031798085409783
1.9057709048362543,19.386969282905127,-5.589126779886766,20.19146949912049
-7.298871409945044,19.333388066141648,-5.9890153595970474,19.25945587850395
-6.2656278705267,24.262286160160183,-6.5075576190757705,18.636027210544725
-3.196051767443101,6.725241973928135,-6.247094594244269,16.342830810742644
-5.243498448197397,17.29735853700182,-6.096640884552916,15.789893049047405
-4.367601745359706,13.846263853067478,-5.797744561597979,14.603381462518545
-7.3482540979536015,12.241248267770093,-5.581468287305646,13.479172478849845
0.8571797761623956,10.221738732986179,-4.426886283550034,12.191384142842573
-2.435504197139478,12.38179483705813,-3.685740092183317,11.582614405071306
-9.778371795373786,13.478191372440218,-3.7201916084476148,10.717288992434632
-8.922587474020306,-0.6452907595882245,-3.0011582981618035,8.571281917833208
8.476115968423596,4.80389757418699,-0.22126756798940517,7.770096135085306
19.996531990644726,10.183691068603407,2.804366295625298,7.776997855855866
3.7593623033656867,8.70821213203629,3.285220394663933,7.597300580917659
11.7923084150287,5.21619757169054,4.491264829773872,6.659741876388196
-3.5529072919757048,-5.3480888539133495,3.5826327366957416,4.983615823373526
-5.218176886409312,-7.261396762808593,3.194917196784711,3.773854061086815
12.297335512674223,1.3257636492448581,4.964799807350721,3.9419675384677255
28.449276138535488,-1.6552396842865296,8.183426482680126,3.958760712399167
11.594791250751854,17.2925157929283,8.058717376397212,6.0888613579914725
-7.045471325774533,21.863143502912177,5.381933006672336,7.702354165443528
-19.521718314028227,6.056056847415469,2.2158346525645154,7.035515096066461
11.907981564687205,5.647784796671747,3.6878573590163777,6.655334427446367
15.676393873095414,3.033975396750992,4.626514892108007,6.006157965035417
6.136005262655622,5.881761616822958,4.123614778392147,5.893516871374323
-2.438072426687424,8.556488620043407,2.694180968811785,5.783833452996598
-4.668340255828147,-2.589100255145982,1.534866827276945,4.754788203445733
7.3961166825220666,3.9191053619689082,1.9812618723764692,4.679119845258474
2.0771355480928446,5.484464886223559,1.5851660876461993,4.765116052228157
4.754540596107785,2.3258518528678147,1.5785164643124912,4.7385737693052645
2.581077250805623,7.354185067504554,1.3591439322872088,5.535348341030286
-3.7637763403830435,4.683062248277974,0.6187110114615743,6.097465341881826
6.738494276660807,2.2721688277342897,1.2707556005416945,6.727622642545245
3.2495184000454715,10.279174061877589,1.3965852101339216,8.39500202366552
3.675490371479682,10.290355166380117,1.6065632698449201,9.927478566317475
-1.5691722943992255,16.917338803718007,1.402140924453855,11.867477872358782
4.4061651283915415,11.439503917759247,2.0619401490379046,12.841681279730608
4.939689808768816,6.053001881449347,2.6901857297900045,13.120636897924086
8.73648896125089,11.706172792811245,3.8036316227734654,14.710243238363367
4.361222392993555,17.020342155530074,3.929960054571579,15.910305503962975
4.721620794006149,11.601014332661322,4.289074820902344,16.475742241180544
10.99915446839092,3.514064771703051,5.220280819530064,16.546774389251453
1.2037246897788525,15.303825081422358,5.115465601099636,18.83471721214989
5.097628018742378,27.525240467564558,5.591407863040054,21.531768753853942
9.833311448524121,21.830167346881673,6.378403686360821,23.188900039415184
4.629470778401318,19.022013947474566,6.539760576695558,24.952317082208744
9.414851081212074,30.858093324740896,7.394766201932356,27.68334543626887
11.733852501132539,30.632725695015075,8.345651433706207,29.92306137290278
9.190968591036622,30.03600206436385,8.692971034230421,31.666769906353373
8.890287133561307,30.462464352981282,9.035755282171493,33.7883470596679
8.343158127499004,33.79669609636683,9.349746359457487,35.909961441963766
10.608144528400606,40.52428811706748,9.657902380183334,38.44613943981508
5.800888599587462,40.26744891252476,9.383050900154132,40.89301439430766
0.8291881127014928,46.7960348969846,8.740029135290982,43.508024703987886
7.275127495178522,45.58294489693487,8.989466807039786,45.182928236557004
5.14198216934542,43.095163258901096,9.103786718187413,46.92925247595513
4.618464518138488,55.04942717311909,9.392151834328619,49.43688055954432
13.579818485781464,53.281060568910014,10.612340478098588,50.262966407004264
8.713956133974738,52.96182653208385,11.045646913179489,50.797843716602024
7.728977704444973,44.37584548137407,11.426083132934792,50.3876690855138
24.768146499176183,42.90019667962309,13.823325370075104,49.660727709550706
18.12863139766972,49.68521325631611,14.42906287102328,49.220579411804486
7.624316598225432,44.327635568342224,13.608508790951603,48.463932482682765
10.696224415097355,50.16065436673445,13.315103368305241,48.040125051398135
7.231719987674422,50.953554503147686,12.643721522250367,47.67277203376228
6.858530332312655,39.540410745254206,12.34277293032222,45.62296578433475
16.577158048325902,37.14176106334519,13.240632700912688,44.09110714432876
16.932295962821634,40.10716849292498,13.924476981536387,43.03188957487949
16.283228423388948,37.88521909857009,14.172994914703933,41.95970636920018
15.56037357188275,44.55542167825894,14.04161419107527,41.652388584570666
18.2857994018744,40.865000574186034,13.912852833810692,40.832836228181606
12.970958689521627,42.56538268890236,12.816125159899086,40.02276292872514
3.873758792747622,35.80477312842945,11.020725224524874,38.11795774603877
10.153537082609489,33.17863349471417,10.453684891960178,35.847666496070794
13.828901412551499,36.24954665997281,10.253084425156072,33.54769818413159
9.99993546186657,31.536946881866974,9.709931593537625,30.740972100251472
12.6401779242142,24.442901730369954,9.595691194883713,27.454300980811958
15.746804666406309,20.04606182354425,10.106243539450592,24.901322774256652
9.361114699761767,20.045873005389694,10.047685731989947,22.062497865796182
26.395157034594103,22.29995018560966,11.998732037648045,20.18669082775035
17.985957327314498,16.549710770828334,12.577578533555714,16.857628170592843
18.257996869142072,10.22369180961568,13.309136383061984,14.591320754499016
16.91927806787611,13.69396711364481,13.647623265397876,12.765782901947446
10.377007676969455,9.184257842876981,13.479269615524604,10.402188016630951
13.616496158429506,5.103239478876546,13.911532839655056,8.8800620549578
24.65637216666243,13.23891665497139,15.407576813692136,9.164563120209257
16.778388143416734,13.539964099443303,15.4576963814226,8.944437443366976
15.53603136903676,6.018822794260338,15.52829138083302,7.206309316369078
22.947395700581627,5.2956126313819,16.60316933143476,6.229959209021005
27.357848695378813,10.537026754965012,17.585011884043688,5.550011901062154
20.264489380417352,1.7136553290685796,17.545284584898887,4.217903136331524
27.977809864160324,10.160392190967393,18.32156256616678,4.1941444437658095
15.95093455661421,1.2037595759603903,17.4580760800978,3.324955943422914
12.566096508865638,1.241742639663201,16.66635898349045,2.926890691468627
24.311318559419554,6.587510280303,17.12866012639531,3.181240050211042
15.001854599923483,4.486860962998527,16.283679152090052,3.185126570159558
12.628170290459904,3.4639077842958628,15.521542612599937,3.0908267511693115
19.329514648559798,6.622989936395719,15.89024033443295,3.290938088921996
22.002128585782703,4.422827516683512,16.37460689587142,3.08715383166605
25.596687860489585,6.3751258506916315,16.97405905077044,3.3896659852973956
13.105246074017552,2.36159499671507,15.887454090663415,3.133593211502244
8.534537706533053,-0.46228079697501556,15.004947839563291,2.5866567113801135
26.118321971517503,9.30760794418633,16.235231868037403,3.1277089534214992
21.772497413130385,4.6290393190031764,16.456673391507433,2.7699229435276926
18.05144546915152,4.940532298862983,15.937734856477146,2.449542161834434
13.448544245272004,-1.9335597715933872,15.207145537631607,1.690061427195073
14.940174390490501,1.959875126067388,15.05326510722142,1.7837795188287378
18.018775294672015,1.575653957134719,15.072131886170213,1.4461073529333055
18.472026802620874,0.8665132008546763,15.028756912629563,1.1312818403222802
15.330712305384237,1.937860844059145,14.611044478143535,0.9108180879237258
13.144382655869283,-1.359607858506621,14.192289655628201,0.23480590158777745
18.106927719338824,2.1866416396050212,14.357144422498731,-0.07297567322668946
17.151888774850754,1.9656687255037326,14.213738485124534,-0.4735174250735148
15.023595365953112,1.4213251942362817,13.734652424792111,-1.1263362549063083
14.258215943543153,-2.925768093037071,13.504660200510243,-2.2711955656099017
13.935296353391244,-2.1008175722923284,13.41399096552246,-3.277504794476206
20.92295183570083,0.3689446831467862,13.770231823414365,-4.343444112956293
13.616591287082386,-5.673714668028737,13.221059151149198,-5.579122477416621
15.705526821809574,-6.759408978692413,12.974625515295546,-7.295107592819377
17.213240103778528,-6.7381809156826264,12.918446660593174,-9.281933457967353
19.727073852062855,-11.178287723422315,12.924173443015063,-11.51158080688404
11.098993257862068,-16.25562920003548,12.149361718352482,-13.447500217982103
10.50431390272175,-13.914622277052906,11.671541070838748,-15.071617079711867
18.49576797034933,-8.753583161251846,12.128575376919951,-16.644604697443068
18.863340462705942,-14.840280259197186,12.345732978999392,-18.98065729139258
15.680728782287716,-20.886525755239248,11.912206489372464,-21.86705662290963
11.935773395956705,-23.269227456722902,11.372444583323523,-24.104512019165554
14.37482471913987,-17.402610388873256,10.907882213157443,-26.373382967837525
16.470689544780353,-25.687362169079183,10.704035992940105,-29.241065423996314
8.042474161816996,-39.22317792073352,9.829132638125767,-32.61272035112689
13.538708189148613,-26.711614601063918,9.794530428173209,-35.029829590201615
15.97695538772298,-23.702614531840823,9.710199175282787,-37.97149037468291
12.273493839501638,-31.680024700506404,9.087227450751195,-42.251817256583934
13.691329223669912,-39.75558386945528,9.245844483071554,-45.7880634911384
8.641666263573034,-49.55311188181511,8.751703398825944,-49.932777655598954
9.487808208217507,-59.714927215960024,8.418944332206728,-54.432158353595405
2.6885204485127776,-69.91301352656595,7.742678578720604,-58.716312250040005
4.842237348555535,-68.50077974482946,7.870518122135958,-61.61863455161425
16.031672905748938,-61.740314826371915,9.133805743240353,-63.346868169036405
14.539763999535683,-65.63690788169961,9.606147039867421,-65.2207078452299
8.251982491401547,-71.26493873294571,9.48697465980815,-66.79671050146928
2.5810288246930586,-73.92436481753681,8.999805018745203,-68.10621111327822
9.04253166565163,-74.85853657952065,9.887945824368765,-68.46344881416056
23.68222269132198,-79.99824030643684,12.19528338788145,-68.04855319284832
10.069140766388664,-62.72933204685056,12.21597275393256,-64.14334385849237
25.46676345634249,-59.50204377620235,13.893326801923786,-59.99301120729936
15.533260535975543,-57.916025239842725,13.745634905348613,-56.19252047984792
16.183077125057594,-38.82622925861419,13.687826661803856,-50.789616177540516
19.69090117016827,-33.07873630140712,13.531384000507627,-45.86746763787944
9.689438923736743,-40.24105800791244,12.260686054753451,-42.539403256986645
18.567298388699477,-37.347340946546005,12.018930171098953,-38.59030324882605
10.662901810376614,-38.86660148359656,10.997834957335646,-35.43571611603055
6.558232554704363,-27.274139056729958,9.554902660516223,-29.844869947235058
12.879626239282453,-15.33698474955213,8.96339026008651,-24.643196141428437
25.660651225929474,-6.169118216092723,9.208326848159455,-18.39739601153068
-23.373476316071127,-21.356935320799636,3.869357133044251,-15.22444178732238
-16.228988354877988,-23.442398156258463,1.4097199711032602,-10.830231902935461
19.69324399727548,23.675960634451933,3.590062538709906,-2.4449668029745433
6.03468333679895,46.37725558229743,3.0816329339058393,5.451714398429862
-3.9531173813213036,17.2328139378532,1.222489835234561,6.274003308468714
0.6189648621061803,1.0511634417012017,0.7279104901998892,6.060232278785881
0.2630962337587843,7.935272054055989,0.5138563179291507,6.541314579926275
2.996707467671924,9.79089645741649,0.7722860483005951,7.57239948183569
4.6950464486644305,22.943535445540565,1.0174190793170697,9.42561628710402
0.10320380247548533,12.765025894885635,0.6430449870644376,9.68993825900036
-6.557807617170182,8.678436541708752,-0.3246026973010375,9.70839498445447
4.414860176516461,10.542244534323059,0.3533785454473003,9.781423619737117
5.147776580026782,10.772464617343807,0.8093775509511776,9.785582638709029
3.4537092302318744,8.832258431008748,0.8776652621971595,9.877196483886394
0.7450526019495505,13.90268540979978,0.7000988286813913,10.46668677604107
1.8579188238957662,7.2962381928154905,0.6984031819714395,10.307253697586352
1.8850872775264667,11.614451621614316,0.6796863744745081,11.025108088337817
-0.9672422187435652,14.275120811874553,0.363507198519341,11.849724524211187
0.1466926079565941,10.46481262500139,0.31294574575903283,12.129071541071967
1.2708259933309152,8.49284959418425,0.45510866128546956,12.68254994426474
3.4129148760615613,11.75967715440982,0.7788513256844214,13.699987039020225
7.780081455841614,17.69113386055049,1.528330320153481,14.900642859975498
8.92159614818281,11.28969698208186,2.0810550141039568,15.32921210301523
2.34878796251568,10.00515986471029,1.6793963413826427,16.28171895169306
-0.9856573429153999,17.719105437568793,1.3830890587942979,18.6163544426807
0.4100577430190544,22.30385699731092,1.3517984146896893,21.236796702036393
5.113915249769159,26.309967103725718,1.9148369022469474,23.777369617332425
8.316429939955123,23.167387054683378,2.3981040104341664,25.071866088020958
6.352989284773611,17.581074575577393,2.410275047047585,26.31597199862807
-3.934725044079471,26.83073714953217,1.6113518106813025,28.871050228787958
-1.8356412366531667,34.80909247190276,1.3866058396984522,31.89175839965687
9.251365965069906,34.99342973647055,2.2205884502202577,33.936215143413456
11.635068809108025,32.370272052081596,2.7758305452144016,35.710650538753434
-1.3580274488113142,26.50388119152366,1.6500335220405797,38.29429309898217
-7.027085293004359,43.43199626805163,0.564491496553201,42.539025605572476
2.702220432190091,50.12055519411272,0.6710080366921038,46.799786044472846
4.294391598072599,39.55259886990639,0.6914702410756135,49.47223830158392
1.0943531915688478,56.10185046130522,0.5578847543179872,54.83196923632779
-5.660585750278166,58.754441510393576,-0.13904853566531328,58.352959649954826
1.9859188160427124,66.96900306522508,0.5342083161823947,62.00553024048596
7.786315100399909,61.81685743106021,1.395483652760803,64.08483674415888
-3.4694003968090366,60.810227740999274,0.9863712796389508,66.8939038407002
-1.2129777141882423,70.3393606335757,1.159378757073111,69.73538969597156
4.475935429598113,74.08879951963667,2.182346443957002,71.08109479378152
13.207378905243704,81.3996504359015,3.912879638124044,73.01261441141865
8.084362057159117,78.56185902309173,4.280757886983881,74.26007299841096
-8.837042096612539,62.37934223673012,2.6755084084531187,73.35730386317718
0.519708207900111,66.1164303697262,3.040475971952193,72.5643250704699
16.047950912008062,79.06175899294703,5.083329851799784,73.12905428113545
5.557320748672348,77.2524419022474,5.057051675860476,72.91281986023382
2.567448939907473,70.63377932893592,4.550059602406798,71.28837237816502
0.843594295588928,65.77169345817221,4.021620230772813,69.15664784950182
3.002127656839989,65.97423797929945,3.7813329808235934,66.96513000241434
2.143772248813659,63.519774094751405,3.6130078604195512,64.35565244099404
4.3554080843811285,59.294869796546976,3.738036786912194,61.1521694336869
3.0823303818796868,51.12103537505772,3.7346171295207675,56.92648611948717
8.116538946883644,51.81722602603747,4.276142487906831,53.787458148093044
6.760813714592457,48.90565002819453,4.415086613543674,50.15452399497538
0.8284896070028531,39.91278666571198,3.7229661017542957,46.081318749967984
3.1057172049705706,34.494214418656455,3.536556644857643,42.195566914882576
6.12296847540018,32.80010563432779,3.635767507481498,38.65209267998657
6.613976462039083,35.662549582647856,3.668427988256709,35.722959792770986
5.122770673237971,30.22446467165254,3.4085705479084676,32.532681529273454
-1.3121285155996447,29.56069986876371,2.5069699942248422,30.291630994214714
-0.8040160073501079,25.80071860955355,2.017354339794827,27.346570691612882
7.689584978689648,23.887928110565014,2.7345571384835465,24.72122401708336
-1.2110075480283187,10.483456604344063,2.4338741073799444,21.070145679740964
3.6625721868160164,20.623967090391943,3.1038597039445937,19.4108133514683
19.5507904989459,18.443294676868156,5.359968051470069,17.209208115756475
9.002528674025024,14.721871836401277,5.736232853249782,15.09349551520797
13.298762879611797,10.938453693137696,6.63367386906483,13.007067092286881
15.491365574150796,14.834947143128382,7.653992380967665,11.43323869583514
13.314710081712692,8.297668753102073,7.973891159436508,9.413578723453476
13.07386125152262,6.32387256514518,8.227159756062182,7.4384931035129735
16.237644889337563,8.15648598160353,8.621987833395393,6.026657524135112
7.449997357308043,-1.649329484733748,7.794058414435073,3.8409648752932863
6.7488097074482365,-1.1215043395487427,7.4226958967997145,2.2810289461232642
14.474573280291725,5.105247557834808,8.050337515047799,1.3730498408299137
13.992547343764889,-0.34363512435201216,8.418700706571087,0.1346868260350276
13.465811647639985,-0.2685722934549304,8.628817324863432,-0.7090143031022856
12.789907673371488,-0.5502914140080009,8.761453088920351,-1.5183734799796733
9.62104686674035,-3.1288002777458956,8.570419390623902,-2.5442852423242406
10.334223254484828,-2.1280055827956375,8.48346785082613,-3.395247600100618
4.010576773148523,-4.268291512417221,7.660499900575563,-4.043153219338387
6.937178635689445,-6.240207295621687,7.426477857739223,-4.655319600392783
7.426186838172189,-5.359829971120213,7.368926634484539,-4.907718951624648
6.079311139950015,-3.6789662568658628,7.092215025990199,-5.265803445297273
9.8503809247668,-2.298643629835766,7.3311578898352945,-5.481771110639029
13.865704175119511,-4.189798647147789,7.950475832175401,-6.0499847140019
7.387696820795162,-7.672293176016623,7.76454418246216,-7.231649936255568
10.489259219177065,-2.082417304998039,8.158549585338026,-8.276083788326172
12.315888013866244,-4.400165017012185,8.403284906941325,-10.194678864445036
8.213568087849318,-9.592685561653262,7.976805551912662,-12.199114435234343
11.124894508159427,-10.32237520793403,7.952377739856753,-14.491083992389465
13.61462279325897,-5.153186319138122,8.186834949124513,-16.906636574308013
9.698472938069994,-24.31246719003647,7.597914581775826,-21.43317615403079
10.870255711160713,-26.1839734234396,7.455512487761985,-24.534226275004603
11.32291795438508,-19.572444233184505,7.324013107964389,-26.878833686101828
18.23759095343595,-21.327698160303292,7.925403487687149,-29.792083765309822
12.142149995422603,-34.06828996659026,7.321992116551498,-34.27258083021987
8.106024620097081,-42.44024244648365,6.666523944450014,-38.16992377482572
18.099585740923292,-34.37667268058783,7.400000574917972,-41.12828875234166
0.7344899821636884,-32.04633384166175,5.94445157191079,-44.9321290378993
5.907352362085771,-56.801177438922664,5.528899440928163,-49.01877950845589
7.518036911138152,-68.32245475071004,5.374352944952069,-54.36328237218526
15.009951547941645,-47.45810618778203,6.175596415908633,-56.09887190649285
9.644181223981407,-51.41151198103328,6.133032690927266,-58.22885927878974
4.806528828101646,-63.09686543586364,5.8427109446376395,-60.80730813459085
9.381300587373193,-76.73217284016008,6.150373055633442,-63.68045596379477
15.967493890489749,-58.239954295366566,7.1283422711610225,-63.73751039101488
11.920959808546788,-44.3403679628989,7.405842899253194,-61.901369937341364
19.07142004848838,-66.85363809098054,8.998773926688049,-63.628602619720475
24.59379326414758,-54.02166181171184,10.520114616544557,-62.545214818526055
0.9800555760823961,-73.17578166536805,8.932873955650159,-63.8029085698313
11.47857513919917,-76.93674024474248,9.00553913787393,-63.766850909579894
4.244357681894378,-64.94559133951466,8.508030502877538,-60.91414179099663
5.41845359464182,-52.16385380336052,8.5932250969398,-56.58695203360411
17.14704052969781,-34.72900180578421,9.67809499120219,-51.57030287645395
8.65774416988202,-43.26641467163822,8.956637078036277,-48.91489706714737
1.7607103022008515,-51.44706466278481,7.733186260243589,-47.0879041668904
10.65786513813542,-45.41504107650865,7.8539171133063,-44.20732536431595
4.40722800870152,-37.418807984047746,6.94986109892732,-40.892190424824705
7.327489303213382,-48.52744651267024,6.31521328796284,-38.09111122051888
0.980371851071544,-29.50230833960537,5.336726239398501,-32.88220595177921
7.26036899256094,-12.307834118780413,5.489942371670153,-26.267591742403404
16.522500507531994,-6.09401348185526,6.368519790820471,-20.75849807505083
2.7819412245243713,-8.514893940471332,5.092111838760172,-16.32316901657863
-3.46893172866844,-1.58856621276486,3.787852987057624,-11.61794456179052
14.635774363559756,8.219998674961248,4.860722304755025,-6.757044888150867
12.690387760190397,12.31876995134523,5.125594800748862,-2.9639482873656213
0.1757127021569458,8.459250002636297,3.6376785591330942,-0.3819846859194629
-3.5162562542895555,-2.727164538876689,2.453057944433435,0.8736288547633564
2.730377676115239,15.859997690794245,2.3016534043602217,4.211288232301404
1.273183433620235,13.318983309794156,1.7784589619431428,6.164329453961356
-3.0523203304268343,9.824815993207633,0.8483467239138789,6.949883790067711
-7.219031334241405,-1.1172947824208226,-0.28248567057389085,6.48977622060271
4.532251455416848,4.330418287172211,0.2882031881952024,7.2354147674081215
-0.5382519140421911,15.423759402353872,-0.10359109200095273,8.783147408380763
-2.513505317902116,10.803951264087836,-0.5013286725275222,9.306366263870057
4.960191720572747,6.64740219385803,-0.0047491284229066455,9.445068898618903
-0.8913985888811764,11.796381614393379,-0.22778082484709258,10.20423049667195
-1.3351713597640766,15.016253382692854,-0.37612789418746395,11.104428542491313
7.002306096742367,12.801184953278629,0.3011779178218191,11.47057617074169
0.3146982528746718,2.9383496768880093,-0.03660817974011801,10.976665709792123
3.0834162487623433,2.061716958396598,0.1157616208112727,11.087476418898005
3.901176442030491,12.684824502769578,0.3218601149810553,12.450643143206474
5.36992755373917,14.002757766394371,0.42995532335432374,13.775196510920864
-2.5849933065015227,7.615316797041087,-0.504325544042234,14.640499647563779
-6.9644800492116605,10.988254973857089,-1.566534692761472,16.805602804732377
-9.102530919882701,10.886323979857355,-2.2306570658482503,19.057938789869176
0.10938756693735963,22.640742639947018,-1.50172905308679,22.735885127664424
6.798428431824455,33.328704922800085,-0.585690588206133,27.12349457664949
-3.4557663966066716,37.19987304979137,-1.0384745397446578,30.87026814904303
-0.3525850430793902,37.41116988565458,-0.9577074127339384,34.084464253489195
-2.806712854581544,23.720169407110262,-1.1555230077722354,35.53448240817692
-6.46109051094404,33.92898952910804,-1.2460356793062295,38.847624228190334
3.489801422018391,45.14934755772284,-0.11317393771331569,42.25917779467352
-8.353437658706898,37.413205882501956,-0.2976921079916788,44.90682445932278
-0.5083725790805066,42.66482749977756,0.646696871985641,47.51478313155775
2.589554770112448,49.52985188181647,2.0276152489398966,50.518598233546626
11.580924434460751,60.242409984780664,4.223456572409435,54.18717895772488
2.9460837999433687,52.12629184824044,4.628293127509763,55.62882657528693
3.4193243062693677,46.143797321113034,5.262024106717344,57.42575647727183
4.034787917399638,56.298033185582895,5.998883612058238,60.76948997832332
10.817119564469522,66.63136308008893,7.520388857421136,64.49227815567191
12.267054938655178,67.07895791548292,8.685631373531873,66.65358757634934
6.85748851552646,63.750363085657185,9.068356642615827,67.71275189321747
4.874219641270269,63.48551366638142,9.268104781249555,68.51573149682038
18.194866894824596,71.34704768782484,10.801438448290623,69.98345741140562
5.798270527238314,70.14700353597829,10.771042168300927,70.66923358855787
8.621079895871562,74.527926814068,11.03122793177213,70.87806846271192
10.0205674409743,78.29116351468075,11.341684312635554,71.15868095722605
12.942875654680149,75.04484428850074,11.872282278142428,70.47251325882061
10.774024466451884,69.56391161656705,11.888142674497164,68.32626623060453
8.14558803251085,63.90521350936361,11.55944527278967,65.36399975837949
10.613589977764708,55.81592172386857,11.479714764257011,61.586572914871034
3.594502817889211,52.21943829589705,10.519780521567444,58.19094770378387
5.441339584308537,50.318343555319316,10.100385525318758,54.676449866339134
8.303764203073339,47.58142067633216,9.734259470122675,51.550222290179924
10.853466021128725,46.63110694950406,9.461475111692462,48.62867415930259
4.2211040899925605,46.07515219882919,8.517855594692527,45.008956363452356
10.268405211501488,40.61627465660826,8.461745892317811,40.82087946702414
16.693370341136152,37.63368175241765,8.927630578271103,36.404794587998346
22.226372283863377,30.12218832746599,9.763321798252662,31.099265504733317
18.959810095592168,16.49823646284424,9.677160526374653,24.852038539369833
15.643091974084282,13.069890438678001,9.339420778023625,20.884220503599508
10.596596345779883,12.385866983445695,7.912621658823433,16.94893568085936
6.611018906906699,9.065428859261608,6.792797537607402,14.224157933950762
6.42480740026093,12.170249876315097,5.3840395304946815,11.641906853768004
-7.310043826336108,5.775917531427602,2.878992864950082,8.87541108518446
6.583870663587327,7.30057650753875,2.815167706504713,7.600208317208588
12.58230576834774,14.54269927371336,2.663760812625574,6.308048942756182
-12.861690554251801,4.43100320417998,-0.3353223817141817,4.041810238257086
5.92096362613017,-0.7243366276812964,-0.1530058672630057,1.9584326384597588
16.00400436560256,8.040613660067727,0.88151260063778,0.9166782492758693
-4.241320210530667,-9.749795161217378,-1.0853193677490016,-2.801536565945482
0.2859113851179931,-14.930886062203541,-1.6903033552457105,-5.423545205329475
-4.551508829736635,-9.02651624448837,-2.307619938127351,-6.298275820663322
1.7421630076607477,-1.361122889694414,-2.1071466624213064,-6.428119014408791
-0.8882155619172929,-3.884694291761626,-2.508556811638454,-7.143476863169037
-1.4248012354707327,-7.409742025923769,-2.6948312609813923,-7.810109847953799
-1.4395492717304479,-7.416358090633736,-2.833955227715859,-8.830621076154712
-0.8130204878384073,-4.846188543687269,-2.861678092241652,-10.474551349154174
-3.9582317032387078,-1.8494677791327874,-3.299547880824089,-12.513218599277973
-2.3373149495158114,-10.046757890138721,-3.20637770387493,-15.886211379298356
5.230745548559632,-19.963995962289964,-2.163997628663954,-19.404980767601923
-0.583887952963666,-21.75835325636914,-2.0084355186085507,-23.111420489866063
4.6308086538205036,-25.395634832864893,-1.1718870894918,-26.79731408735935
14.8421501415812,-25.903657372439156,0.14351842873348364,-30.16220462935813
-3.5151838454698625,-37.45969712856203,-1.2678004143658983,-34.90379499684619
0.48587975777147285,-35.499785001911405,-1.5697379043691688,-37.6839142791137
-1.0742613852070733,-41.064421014801766,-2.0369842528892144,-41.44747611249286
-1.5642304384692012,-41.604947960738386,-2.0022002586236143,-44.14825468161772
5.612908449228825,-33.26087296053211,-1.2452859420917672,-45.72223472344114
-2.9887251822980305,-40.38823744809553,-1.706185095412013,-48.45466960705206
-1.94782698136129,-50.38775851553275,-1.4448533544405513,-51.73940751885456
11.140427446507903,-50.042698530489666,0.30361901344035624,-54.07538708380027
13.66288926407602,-57.16064731177738,1.8606647903921547,-56.52200101065854
3.111664968595081,-54.946152718263626,2.174812669514862,-59.72120150361318
3.6519974784494096,-65.60802962509754,2.4961810979149393,-63.019184015787076
6.9225148179362055,-83.056180412548,2.8509275945551766,-67.06160019700711
3.9630291104726902,-75.36867762006577,2.824551615651828,-68.78684333856472
-5.22410366844287,-78.21937438820993,2.1362235420848976,-68.30863535822843
2.278530719697604,-69.44735671239812,2.8272822464023295,-65.37770618253961
0.3611358522150456,-56.98849766531269,3.1837081864726082,-60.58220113483362
2.873688179642145,-47.49674580105945,3.7104996284920784,-55.6111541362848
12.829361858376435,-45.66229650513163,5.236742082080454,-51.4495549126541
20.660228335515782,-47.64352297228849,6.868480191472839,-47.39326273153861
2.6602607325062957,-27.73239162589899,5.997155070497907,-41.671789504458175
-4.851937197411932,-18.692757875719263,4.64570933033641,-36.11130040086798
4.990410808754742,-27.54694364884799,4.624263945095713,-32.534005540655606
10.238407922877224,-16.37552322867673,5.090333744680481,-27.225253431069703
1.226408165222906,-12.135342736764866,4.239749517801714,-23.40372164887644
-5.668737042061795,-10.991007464204596,2.7786940310510735,-18.724847073628574
4.729038843853744,-1.2896834994787962,3.1710290115500688,-14.373382556954576
14.685678349215346,8.871972868454453,4.157834160373805,-10.118041864947516
-0.4152640475874232,-8.535249056115251,2.4116325137349333,-8.562288334872548
-16.69196095284953,-9.613816741018564,-0.2856203644951669,-6.6446297640502525
-1.6092260687167093,7.3804929239381245,-0.22085064896002093,-2.8337286339320062
13.370525785910308,21.27080226868546,1.3139003526358792,0.8692814558133204
1.519308024095051,-4.430963883727021,0.4332544513085187,0.7669857882477449
-9.318389072728083,2.341927168035335,-1.1978846091803386,2.0233067579135215
-5.8774988765976275,6.199882722900539,-1.987851693592145,3.337188627095403
2.6360289485579247,6.882133272179658,-1.5449340140372512,4.513546281592815
-3.53329386161759,5.301616709315958,-2.0912375403419157,5.031585290830604
4.141776124259041,-0.8804743599996243,-1.77483360910573,5.44449565056503
0.39430146830276414,3.2003862701162866,-1.8566997568485817,6.794921285331527
-3.8006262682069205,12.564205457967041,-2.229910222294299,9.466787137219914
-1.511541041846108,15.866814027456435,-2.1727675616121362,11.382766421765801
0.14848201941840466,12.349646950376437,-1.7729020940189435,13.169161648519598
4.277173292722063,6.111623714424994,-1.2911550477147145,14.035243802594893
-3.040312700544219,26.463614454814774,-1.453278994205126,17.76251788135478
-4.740652642100235,13.162792852402418,-1.8601022163497873,18.72337505812525
0.9673038674075864,4.557363295076944,-1.5169419208192159,19.920932346052908
-9.491266282816966,16.915385007870086,-2.101357987917728,22.149913669847617
-8.36699621116558,21.53381533413784,-1.7785963173245314,25.53057474172242
-2.431986129402406,28.208477473394943,-0.47245771033466205,30.162044930042523
9.942109113860946,32.383739220898036,1.5803017993610542,33.99420858522874
4.0423907963486325,37.874180529083496,2.901389367929253,39.212015365007794
1.3724114562162164,58.4636226397308,3.780067968739065,44.84083118016211
8.110753650963067,41.059132563297126,5.010627273043319,47.484004594481256
4.46191846351164,43.65011634299877,5.632897481369004,50.26086524217884
-3.2447565051257214,56.03813679560276,5.460292650446555,54.26380080484829
3.540800711495473,61.976745326821195,6.225889262029911,58.11497522664507
17.784021557250945,61.61129918026225,8.19207643194213,60.64070712797958
4.859682656972525,60.59121194893885,8.257460644820991,62.66455329024421
6.543568966962807,57.269960433973154,8.642176112732741,64.1248640503193
9.144728078242583,73.65838854803273,9.372415885756624,66.71482484351199
4.544118125087644,70.3120694126962,8.956895584003126,68.18608190377094
-0.9509703496628727,77.44996488775443,8.302069041300403,69.69145807057708
1.8175457953352447,62.34983852560669,7.947069600976423,67.9233044417369
11.093994193146639,72.44155699969497,8.318805067157005,66.83879355079989
-6.3793231453876995,60.384487515300705,6.368654425329881,64.73374698177558
-8.464153949119783,56.053075772034646,4.71185940284293,62.09894835664049
1.1086944467558366,53.05320159900041,4.19648733467736,59.196124677433076
0.08647855817477179,50.37378946878012,3.393722819031917,56.79289079869012
-3.5029010730738834,48.83851669759005,2.082736381565949,54.15900166285761
1.365463475334824,46.858327130978694,1.3717943547260558,51.47077639097747
-1.3907777920577808,46.86896445263666,0.10168721159404526,48.48649463673612
-10.747781942050887,44.3504986559445,-2.1605339487316506,44.79322388532709
-8.520278934158194,35.7538239827979,-4.0271252898548235,40.66321127309797
-11.681550424659031,32.71355587641519,-5.4251799081645276,37.28341120023494
-11.179022168250132,27.775924977638624,-6.298676461765679,32.828986084142834
-1.6962721648846433,29.541045000551534,-5.755498381051375,28.677201017291644
8.56103669174024,19.86889482403773,-4.659177991335113,24.37084629426853
-5.687805202694138,12.598935707065607,-5.80845676911967,20.648682385619022
-8.345434765697995,17.72032078874028,-6.807149709818045,17.83700266636347
-7.179315608430848,17.358317787162903,-7.552289307229338,14.087575969031587
-0.03188219670140846,3.9744029422411415,-7.488116223136832,9.82190843122972
-0.7101275745462257,0.2558230904025933,-7.791501749147203,5.755127385313497
-7.035817120148089,1.9675667553901022,-8.869969800802629,2.6608826004134984
-10.366851258054135,-0.22814557106476485,-10.166957459983678,-0.9863576218503263
-5.500390131854122,-2.737363571284483,-10.611913396001192,-4.128503687459247
-7.610376626585428,-12.477799678704308,-11.224426599278711,-7.5887349831929924
-5.723917587372316,-14.403952028037608,-11.579729911180687,-10.691798554497751
-5.783761768253301,-14.147644152135769,-11.89004795610768,-13.067990899140051
-13.644894262153805,-7.49637299674729,-13.10632405524112,-14.914958182109393
-13.513801619443523,-12.770368405733521,-14.058492165935093,-16.93243569055113
-10.856763697665443,-15.302115391575647,-14.408848820920284,-19.14658363131931
-7.631130878356833,-21.339328159116327,-14.640460331767887,-21.78425303890541
-28.967418622428934,-4.660648941219073,-17.051022670596314,-23.76497010834232
-4.282804423298721,-27.06913763323218,-15.435466745231121,-28.011103726483597
-6.215546709159931,-31.760458391453355,-14.44875676600259,-31.685341879101568
-16.208707119230127,-25.681141972575666,-14.410154423089871,-32.46571665855743
-1.9916700865619061,-39.3461451920692,-12.801704366962165,-34.70402209140663
7.602999217210924,-32.74023633242737,-11.290135396573003,-36.64049770830286
-15.662398412653257,-36.58905180353276,-12.710367682813677,-38.41089930094584
-17.884052506598497,-42.02531015553942,-13.230017514170676,-39.91839234111321
4.70864243815045,-44.47839661637751,-10.562992872754664,-41.220668451578966
9.855597185482472,-40.035871213215735,-8.030328576635176,-42.17686881942766
0.4201525922839231,-39.107179795113595,-8.012222835835312,-43.82375835189918
-12.86348978907987,-51.68628627318596,-9.587674611346795,-46.87050748509495
-12.280304172069998,-51.37041886908479,-9.673187057163506,-47.547114010305826
4.685788347531822,-41.984066198689774,-7.6719264375585245,-47.04497031620081
-8.686164392032746,-52.35007626483008,-7.973444394502666,-48.22791211901587
-2.9920451018994063,-43.7423841639497,-7.094536363407011,-47.749776219081525
25.740683112806636,-18.175167390574295,-4.153727249413332,-46.20930428224203
-5.249537586648586,-40.990720241813186,-5.724995308285455,-48.16064255573195
-19.0025831191957,-40.569516373449815,-8.264183176016807,-50.40159844030125
-7.621905308461136,-52.29333440742259,-8.418792044697444,-53.5224713042892
0.7403436676845688,-43.68576556042765,-8.206867880467843,-56.52444763688045
-13.530236434471188,-53.678266690094325,-9.473826461546182,-59.71563899991177
-11.316222500333929,-60.46409894357185,-9.895859048238403,-63.44471966397616
-1.1788141776841985,-70.0728708596038,-8.919757464269068,-68.18691097472342
-1.8339261574989218,-67.21190310074665,-8.525823747178237,-71.67480147524641
-4.399598855537861,-87.45485597263831,-8.543309216855796,-76.9285044910546
-5.168887439223803,-93.3837211402946,-8.329731862082175,-80.48789417906664
1.2622553421585976,-80.09444703909918,-7.476447541625786,-81.89097937203728
-7.894555337064189,-72.07647856502115,-7.979470118502938,-82.28565159222214
-9.745188904022843,-82.92592057713422,-8.598748918731614,-84.09983120628173
-4.594075830772222,-89.22093371690329,-8.29553847867572,-86.13243616581501
3.8879910041603596,-93.41174285986403,-7.126547845504115,-88.05709827103715
0.020279296661401602,-83.60572848303417,-6.841586879463089,-88.55583544126272
-5.0258683629814485,-87.90487108760134,-7.244692776382198,-89.30683877954628
-9.639429728175921,-91.95472261140668,-7.711528978650739,-90.04717170880981
-3.2407366261369877,-87.12717989146515,-7.13206594256846,-89.48677797196612
-4.303825454081775,-82.44820490334646,-6.651533813952025,-88.29081030185027
-1.8057075537097962,-67.95274585983768,-6.398957831425111,-86.33306155439367
1.2186539230971274,-75.58723869260005,-5.99135166609098,-86.34911571982798
4.571637919749136,-76.35258813481872,-5.585593608429612,-86.71285941680074
-3.5862495783965453,-74.47620825696092,-6.624754844773028,-87.55527461807753
-6.210740919705108,-82.90205754299981,-8.133900552455499,-90.28501465807872
-12.226797711532862,-99.69626552135531,-10.186387967573419,-94.49728897860729
-12.568850740606385,-96.4402523037419,-11.997346303646351,-98.29004656729217
-11.17220431276035,-97.54448152871629,-13.223291476138764,-101.62273014412115
-7.782398678401046,-104.30115492552562,-13.951682510348938,-105.22770644700849
-10.081379122879884,-101.36990819980014,-14.67060397190751,-107.66056244781126
-10.424853520227366,-103.89841450101278,-15.370264103403759,-110.73594687973221
-14.438771012103974,-110.43773245758948,-16.322135325564012,-114.35260914314068
-11.836467357567733,-115.78450435466885,-16.596078272384627,-118.28058603552955
-3.761052403527314,-114.70125111729644,-15.74134556503482,-122.00613905578791
-11.843962746150737,-125.86594544223553,-15.803985234535388,-127.4050471719491
-11.441505055658176,-132.06967211539867,-15.834669364400865,-132.5827987391301
-27.22617942741678,-129.44141524232717,-17.482735143439832,-136.24274938864932
-16.204248647267267,-135.8663975565584,-17.56247386449745,-139.31245838580588
-9.795717273904764,-135.07228861708,-16.861534499586377,-140.8566500408093
-16.500555476623862,-135.37744739774513,-17.133891169053186,-142.37535893883856
-12.274120364899126,-139.3442335122926,-16.904431224207467,-143.8726682963811
-4.004844725588367,-131.18900825465207,-16.020388967653798,-144.3369921933013
-9.85124867416683,-140.35492006371373,-16.06447800637013,-145.95888666087203
-16.031405577176237,-141.745467792073,-16.540373671264174,-147.48728776069808
-7.2865787360981376,-138.58820634750913,-15.9751325098752,-148.20249840100092
-10.418572323778601,-143.58804853007547,-15.752360227774659,-148.79475437794295
-13.232474123870515,-146.69955622632318,-15.531637272485382,-148.5503295192554
-17.41045108353555,-146.08667928298644,-15.48018029879344,-147.15866812438918
-12.6379424470512,-145.63601882845057,-14.369471166598235,-144.6492611519351
-11.03464389897011,-144.5062792287439,-13.252871368397592,-141.8820782514802
-9.01554159414726,-146.9220155770047,-12.010713514658844,-138.8398323292839
-16.87569801138748,-148.80906413707245,-11.741602139350206,-135.14879693962556
-19.596036484598084,-140.61384427338615,-11.122225845658981,-129.46548993465368
0.6770685672235217,-130.32637166486793,-8.161802238633708,-123.3261208179868
-12.69543744493991,-129.50357754080466,-7.397028180268179,-117.61547390131057
-5.441265734548521,-122.98156472502816,-5.448866024674055,-110.10142621216718
11.606013326219482,-86.60713065204816,-2.106652557893862,-100.90890506001563
10.34596375577529,-94.1718843419373,-0.6198459227235982,-94.78285379262469
-6.53033280096588,-102.64747460958472,-1.4838857905099156,-91.01516621781992
-0.20033912844787505,-103.39530845393057,-1.3186370934325717,-87.12075541713634
-4.874196595288895,-89.56770683989316,-1.6342298072190782,-81.95988897640201
-11.350392442330552,-77.71455939542562,-2.272762140598008,-75.64867635203056
-1.8417159064008093,-79.07387861223626,-2.0023428447306033,-71.28671786816284
-3.8207579790954522,-79.21195388927121,-1.8609653053347184,-67.54709584176537
0.9631442118957945,-73.23337288234048,-0.8397149866044126,-61.97431047332107
2.073604110795811,-50.54000385657113,0.03175060734159221,-55.22346281510937
5.773921500610617,-48.52388201229161,1.1036883996746474,-49.3471934452102
6.3445152526452535,-55.27604783026102,2.0520329950962286,-45.11333106563198
4.155722195656019,-37.53570981873154,2.454838236678863,-38.02723191270265
-3.6151371473106346,-25.863631649013847,1.889688189411426,-32.88692713726665
-2.8917446959504747,-28.862379892991175,1.8022648011645346,-27.615258158067707
0.2630561578283759,-26.518246645403206,1.9335011913299933,-23.657475461628614
10.018582119789208,-24.670726360964878,2.997987323381491,-19.580127961996958
12.129651873799773,-17.376564754885784,3.823944563627665,-14.217464265956014
-0.9567367171698151,-1.9989483611701169,2.81369354844718,-8.478378963154512
-4.5432719232073975,0.21984389278158484,1.509464689626203,-3.7043745027464405
2.0427806077988278,-18.822597305472666,1.3709623227777235,-1.7605618928463913
6.810166563692226,8.271342518454855,1.519168080347861,3.6787386762838903
-0.891550575003987,26.909563839966438,0.5011398127876614,9.19443848239735
-4.0246506212304265,8.965755182521681,-0.4456653970453905,11.946790075110652
-0.45477686152302876,20.33542891067847,-0.7733805941553963,15.3644969076906
-3.1495900252164972,19.945427984644365,-1.414081070539391,17.44446262632336
-3.059999029106005,19.556481884471673,-2.1895507667310645,19.433066373265444
-11.984646716504207,25.358910183918322,-3.4870785700653526,21.229939136388197
0.7961103785174821,29.438744909036515,-2.8958586037244425,22.865159184027995
-2.1480253213104215,25.037645862919586,-3.047810425856629,23.24023028358832
-7.027137801509871,23.17480666938159,-3.5397678497640057,23.405164598338228
-5.7051467289416875,26.30500401447516,-3.5958591795878414,23.439809303213863
-2.057207380547308,25.5626361633783,-3.2035730988550544,22.844091312588656
-3.16188856689537,24.145063433819985,-3.0260789470411145,21.770521151467054
-3.5162930261174075,14.647238570187351,-2.7592062534473687,19.329831932028238
2.872408582879002,14.249116285162136,-1.7458260343940364,17.849560102534177
7.601493635226298,17.186518414838076,-0.5698864194745751,16.79824942131919
4.681738747269001,10.815095859984275,-0.13539658057930626,15.262266063408152
2.3330840658351586,11.230059853747724,0.008703059704849553,14.193787733692966
-0.6756869802944423,13.99013405495785,0.020046537476628462,13.686697974882417
3.0100981412812113,15.36601171753173,0.524275138857319,13.44448272090109
2.2971044130988014,12.353999835187766,0.8443367142041319,13.000906286194697
-0.024962674545914165,12.527089789620378,0.9121802245130608,12.80148784951965
-1.2867791311793415,14.937401050908615,0.9094883089422828,12.852093252361989
4.926613884129067,17.11167592863939,1.5322733355743563,13.086092115470846
5.236513597202846,15.283257919087326,2.038813470514279,12.999664657836759
5.6781872750168025,12.8933161881239,2.5158097412048277,12.63510632837411
12.662440183636448,11.985683583396455,3.6780538020300355,12.39537706204385
13.668499416471136,13.239128743195394,4.443764589530532,12.235899310668753
5.928167837229482,6.8734642973488755,4.011184203611513,11.004401561994122
1.396298812622868,10.172079340773841,3.273607599091884,10.916996057391195
0.04870267460395361,10.766406958813715,2.8727936114803425,10.879750454036776
12.304818483202963,10.615153139875659,4.020765033840788,11.013803695091536
12.721910622396692,15.509075546977291,4.836370951416578,11.41990366607368
9.053047131660243,9.329629743090113,4.734449185041429,11.040713532322236
1.0965847351806721,10.961925136869047,3.668170753086815,10.914129061696974
-2.0633661653442763,10.442737081537764,2.531245520833784,10.772572551312994
-2.4327186960497507,12.160784013983484,1.7468787057800308,10.9036019394732
-1.764801170616265,13.852627027237103,1.3047147616382386,11.183768875994652
2.0210343611204276,11.50123803755778,1.354902095311788,11.135888071332618
5.816786751134593,9.406334138152229,1.8216586570594573,10.99240338296797
5.149147316249428,11.017828051585274,1.9921090635255458,10.975918876126304
4.736977799615467,13.546828000855987,2.0794681874540513,11.269950865397039
7.4324632724549495,14.690091160893692,2.3656726520607743,11.563457715547996
-0.352456655702976,13.433672533850348,1.5825280439834284,11.522480603792125
2.842334567256602,12.043879069334231,1.3456512671556802,11.306035554451295
4.771916542185836,10.581673250252848,1.362381826432549,10.956344545092788
6.210217364919842,4.068403118658884,1.6062847414949353,10.15416830626256
3.5243381046290896,8.465225004852497,1.5367662586374653,10.198688428444445
-4.825025273695584,15.99734749463027,0.5409160464516041,10.884384091557832
-0.15567471501111818,10.995152302782603,0.45034477514837185,10.722660142172797
10.922490266178858,5.588991951738808,1.514253148830234,10.131839992876346
-0.09973272071857942,6.765914115765913,0.9742769296756676,10.02537306576414
4.956040333610867,14.178858178831716,1.375010215412638,10.728302723934263
2.8291265870652875,16.799579320510695,1.2670429701376844,11.273895512142138
8.290462846896336,13.718177614569262,1.7435745193829455,11.233903249775603
5.059809452168134,7.967112250960765,1.4932512390706736,10.56902074050302
3.4621887211228826,11.027326690610414,0.8201342569502209,10.296365264590968
-3.5500446699145694,8.534611849011592,-0.2560337455341729,9.949596620345961
-0.2016651757628416,10.45847129719742,-0.654953029662949,10.142510005361697
2.523682386667292,8.873966944290782,-0.667598650142875,9.911493384762446
-3.355169839917594,10.388322762893653,-1.428586374751383,9.905993162060247
-2.7884924587155657,10.868348726193688,-1.7491005258903884,9.86414156397086
-1.4810395931560323,6.598761185277704,-1.869687495994194,9.462749457265982
-2.7211447426068203,11.818771500567928,-2.03691358171365,9.882657867866804
-1.024090233504749,11.386515174380314,-1.9604334540099115,10.159625594597763
-2.5122879326709513,15.4340942820032,-2.1178163062323545,10.68150401502402
0.5934077821708326,8.627662806301494,-1.8415304867949043,10.26776109005574
2.1727421548417456,6.530818202962582,-1.566941272544018,9.863058279391156
0.35388109693810854,12.826795211208452,-1.6036264361340518,10.142733622168636
-2.2922926728672435,10.459845029033694,-1.9649511535461917,10.20296907492376
0.5285292444783883,14.684200909401964,-1.83220818566008,10.640874288152105
0.3781770486078557,9.889937390971733,-1.7914349163515055,10.357954127777113
0.44115836990021756,7.649653369000765,-1.813867730516497,9.92784331890953
-0.10114943257350362,8.792658357847811,-1.8450481406365664,9.77359389702994
-1.6917195588978418,9.540459307600598,-2.039929377096778,9.783716065737467
-0.027657856538161774,13.300311374543448,-1.921210481521338,10.12630712158148
2.78265840484335,8.772011145962463,-1.6537223284078681,9.8588711177757
1.148864475196228,9.462842030297141,-1.6427326892954786,9.817441624237015
-2.352593222786709,11.816874187566734,-1.9658486828892978,10.036073106172788
-0.5241305619478108,13.682796854782241,-1.990102457011274,10.270536642183242
2.8305688664532536,10.638566248413392,-1.6906616977061728,10.12502461318015
1.4708404858747612,15.941990409916318,-1.740175547872181,10.415058498767323
-1.718251384757213,9.871201808361127,-2.1828880110735045,9.827572278239854
-5.4857628559724505,7.009792873350534,-3.0572989072242396,9.048854126853488
-1.603741949697623,8.793069183171015,-3.154958897777526,8.740678411532043
-1.0627451948182793,8.087037796890474,-3.2107274009991364,8.420584217569784
-3.2543351309913353,7.348421337291966,-3.6029280706043747,8.096695103869086
-7.5662369634359345,7.002132718462448,-4.348594737919583,7.794416126908263
-3.3783008037641356,6.227653372555458,-4.320146323676402,7.48068644029471
0.8450327782275548,4.810971808188297,-3.8649878315923374,7.181132060273264
-2.044205312044918,12.514086105583806,-4.045916175149975,7.709655392605832
-4.237102027123471,7.351894907452309,-4.439991269528877,7.339969734438028
-2.497092688383726,4.821456050267129,-4.462232829953982,6.923423256768075
-0.29971091850090126,8.061707403765125,-4.254933993414473,6.932397822044654
-4.187490095097249,7.454562993097693,-4.539969216881561,6.854585711932424
-6.242864703108838,8.278679799604054,-4.954193972614243,6.773603427600764
2.059336159310093,7.129445728854262,-4.391006182065982,6.610928886437912
3.535960855297793,10.530404947940427,-4.128436442266267,6.646060266861564
-10.707565737532752,5.1073386802586285,-5.525723993852653,6.085652387406424
-10.663557918918741,3.2048135023361253,-6.239135991057437,5.56403445595505
1.1379332021083655,8.800026227281139,-5.507683705117855,5.691909373997688
-3.4134227886530795,4.060758508353583,-5.765156775234432,5.1608784852702065
-6.000452990363768,6.11842602454852,-6.097503562423283,4.914331708589296
-0.6253619913483773,7.619102078352546,-5.847108034006962,4.690222575097135
-5.5121311857285225,3.485242900578695,-6.260478488513279,4.062750513780886
-8.015869606363992,4.331731408499237,-6.78111029152064,3.6401945474385706
-4.3556646348344055,5.3025655683338115,-6.698801815534941,3.285397043323654
-2.7935348821700625,3.8335864949462577,-6.514399276760738,2.608342684063396
-5.778813925693031,1.137059907539979,-6.807066488223477,1.784897515410149
-8.447754496775437,1.7831298481459155,-7.326614118415623,1.1433866398454486
-6.789733140276861,2.138355473554856,-7.4719896765485565,0.5682422918867239
-6.508877929165279,4.332943986625838,-7.574409120366418,0.18638606840846214
0.708899530144363,2.8363878595947964,-7.135734049218436,-0.723844636791462
-5.411338180973048,2.5307308923212,-7.718551076174225,-2.1164096729785244
-18.327459626337415,-4.197421052709376,-9.716991110213918,-4.301617980986524
-17.89591968289222,-16.17875608576569,-10.503760164672947,-6.940981694719011
-4.668264188133181,-7.6665272548132,-9.24077770940171,-8.174706905479788
3.333380173245589,-3.4466019012838394,-7.809025280714581,-9.196643600333985
-5.3899945108669485,-12.174525206589589,-7.864497930943051,-11.434439733430178
-9.187181090407382,-15.629327248264378,-8.18280391056714,-13.774120597257014
-10.756718082118157,-15.48277569179987,-8.303726990552034,-15.819915451896538
3.777606250883507,-28.141907366788722,-6.761398099281394,-19.33622590908447
-0.7683484454689805,-25.353074603571724,-6.371463531336504,-21.36765564014099
-3.2746220603417475,-16.59219464995258,-6.497188713378579,-22.557386828225905
-8.723531203039073,-19.1703794352675,-7.032963518370313,-24.194659607067404
-3.725541747335457,-35.66465774830764,-6.619750498440368,-27.70693654905639
6.12416824921674,-30.004954219619044,-5.300408200875437,-29.55634375614644
0.7689840030683959,-30.989109399523493,-5.245676465108399,-31.5209824774173
-11.818317454039619,-31.230469497158126,-6.627509288835034,-33.851790173809334
-8.243028218477049,-45.68728486429207,-7.116992307021026,-37.34617715106944
-7.230379881078304,-41.1862112914739,-7.231669972314583,-39.278906693668524
1.3989484768406593,-27.94923620105136,-6.3574052501355895,-39.61974038662315
-2.111577105525434,-41.490536797741754,-6.543845708495654,-42.724485031791815
-6.548206531676861,-52.20863793289024,-7.202282746600527,-46.623724686083094
-5.328344875220893,-53.62150805909506,-7.661181187263361,-50.102362962290464
-4.284923099972333,-69.60735538223732,-7.786656566348804,-55.00407838032144
-1.147957547863933,-56.164865278368694,-7.697317874235855,-58.242772610944364
-48.9773100760962,-19.11822528105129,-12.865927414117035,-60.13847596664651
-2.4861545269223364,-97.00525810506858,-12.198599029038874,-69.60973996172258
0.2684058158288085,-102.12063825129775,-11.959807687535067,-78.55112814945518
-23.92103555706844,-76.0450759201286,-13.90016090168197,-77.11593684261568
-1.3954630995047448,-83.46758520646203,-12.061982315855037,-77.46595772549584
-2.389813276971119,-81.79047534135167,-11.009946015321923,-77.72951734341034
-7.924196312109758,-76.65663552279618,-11.042172768350339,-77.47375926679325
-6.798229427941891,-85.40361388390924,-10.708895521731204,-78.26419880988571
-7.698144869806089,-81.99710468723823,-10.340191644693562,-78.57549632009626
-0.16886650700062222,-83.66486218257596,-9.098249946750318,-79.23286077860801
-1.2668999443949411,-82.24448056877583,-8.139192158636542,-79.61533300646455
-0.40367755203432587,-82.04677983460101,-7.290070248921011,-79.97063383192378
-1.9889871435521556,-80.11323336258194,-6.716124339875369,-80.0767220176553
0.6536365053954998,-82.66879168538573,-5.8325702442947405,-80.47254374357848
-0.39746560358937777,-80.84289255475194,-5.300414103106441,-80.5150286996793
-0.27160560909649945,-83.22716863891281,-4.890228102580425,-80.88409621232807
-0.9931898526847467,-80.78657781306428,-4.5921495582418475,-81.0457574393914
4.4469076981695395,-81.81269081158948,-3.6271227872455727,-81.35749349574111
2.039532141723742,-79.59426030601954,-3.173748391162421,-81.38781437382221
2.7413410550236494,-84.09235821576692,-2.657456351168837,-81.90110704512054
4.80315603746519,-83.06647754416167,-2.0136577607302275,-82.14529005418541
4.827006266816078,-81.92052245539271,-1.444249773106665,-82.30172255361171
5.292879666717782,-80.96902848838114,-0.874934849440735,-82.40406266102485
3.2043202665521626,-85.43458842390378,-0.5922019589078991,-82.89988170685844
3.4324108726379516,-84.60689202893604,-0.46974209468857564,-83.16473526297717
2.1685454820535046,-81.84456735874569,-0.5168528604030385,-83.06766903913649
2.21322863960334,-82.60564970634057,-0.5602325353058482,-83.15169577646307
1.1649781804135104,-83.79834711605439,-0.6173687269499338,-83.31728721271848
-4.606766442071187,-85.07056421235816,-1.4059762531522275,-83.70449959609624
-1.8960671643892808,-82.87949140895381,-2.0143798554710464,-83.7339415556714
-2.8181812305058074,-84.53442926895572,-2.7257036806152004,-83.87448563795971
-7.596571074847589,-82.25568915039284,-3.788988950694888,-84.02308596557071
-6.225303717321523,-83.02360978772387,-4.203777578316897,-83.52937002278678
-2.754690949835455,-83.3557072598991,-4.116526497118236,-82.43829562177459
-6.075037593957492,-80.60140385301875,-4.492404880591479,-81.66053160797166
-5.0151134977078815,-81.74881935144188,-4.617182643739129,-80.78849951217042
-5.465904004656254,-77.90778337587557,-4.855974620642998,-79.33457988261596
-6.667529570712832,-78.92116530385762,-5.311774597480232,-78.22763122436645
-7.145063142130448,-79.04057450601579,-5.69183428876174,-76.83752040398839
-8.218666979077163,-73.34141117820009,-5.9085711471671924,-74.70848501719787
-6.398605424265946,-73.63777747099834,-6.110831009140172,-73.22582781287862
-14.55660832151497,-70.0883229193988,-7.049036215480491,-71.41028060009135
-14.964734855156578,-67.9884273787474,-7.345216772208628,-68.9324494050888
-10.575043596269534,-70.63902406538753,-6.891525709341614,-66.77308563529937
-7.8809215201569405,-64.32074583891901,-6.148613145168935,-63.77441917182969
-12.717844071485914,-61.309611295318966,-6.229284032070815,-61.080301852237604
-15.348067825960307,-64.71408262792966,-6.184088303609121,-58.10677225835914
-10.130679647771876,-57.80568751094205,-4.635030723851567,-53.315593861724494
7.887588922180685,-32.75288899730017,-1.6979005416805553,-47.113614813617204
16.389211338198105,-27.447269466740103,0.7705237324316752,-41.954830714748326
-0.07281603945704673,-33.10021796214911,0.44003314542127764,-38.55647507171088
-9.425109824085403,-38.393272060449824,-0.7240673749634962,-35.64442304846683
2.035182530329378,-27.848327078494787,-0.24588954933645585,-32.34969724479857
-3.0298471587104805,-19.96950162284387,-0.6999344157317068,-28.25092337796688
-15.132201970077123,-24.00146884065331,-2.324656100295895,-25.803248231314775
-1.2959695465015706,-26.85010649786833,-1.6087553089885482,-23.396032867102296
-3.4849542600227994,-15.900643925034078,-1.11470626426786,-20.078161043567132
6.806479438989373,3.4191252490127932,0.6750931892921572,-15.285719098990858
9.675654250077187,-8.667380645970484,1.8917920534249166,-13.263014772357828
0.9857951693226131,-12.03798190159872,1.5749584606945433,-11.813334903326698
-8.255067153020068,-9.573848052792268,0.4004152473110303,-10.056716504601281
-0.13512151980275589,-7.600170164886636,0.5153191153898504,-8.437681655023296
2.945893579386662,-6.199473305574563,0.7637807780973246,-6.865099440957714
6.587942413235933,-7.322348354320292,1.1213774113116364,-5.360594219879922
-7.659746012318884,0.5312429249570227,-0.18458903252714198,-3.017041558837361
-8.317556846067959,-0.20726589873038836,-0.9754382635439838,-1.283646816952271
8.084744395181021,8.965821985982142,0.23721938836278034,1.3649753531256024
15.663698380300191,12.239673499642716,1.4881513207019532,3.4313246071642385
1.4923333131362886,5.6844857794166535,0.5995089537386624,4.124907332173589
