X rot 1,Y rot 1,X rot(CF) 1,Y rot(CF) 1
0.8161429270968009,0.3333447609207906,0.19435045811569135,0.31743844630722784
7.649739838517899,7.568097539210491,1.2111771036801788,1.785318246718561
-7.193822103728932,19.841797188923454,0.35270906027950777,3.8983256147962138
6.193563514849323,20.69881728737562,1.070891796561422,5.686952153066196
13.759455286110203,19.56596561384715,2.3944401667165014,6.7697893532109905
-4.999296480114188,5.835196560362009,1.4409569858551259,6.136049268068583
2.122772849712101,11.098394228063329,1.405852747791906,6.724093385800429
9.498290848817911,54.173350338984854,1.9254041085313363,10.494590434581891
-12.675222164689236,-4.202067191170971,-0.1952284933885826,7.269767013370327
-2.7909423686001964,0.9636042025772606,-0.6981224791780092,5.256818028960403
-8.384810723884135,-9.81477825884191,-1.6831247141671026,2.46058477666048
-7.139035583937813,-15.28417681947532,-2.1791140406308123,-0.12987792048919666
-4.502581530597559,-8.500693736688381,-2.2205963630094954,-1.4906693816360659
-4.386815008565109,-9.269902240142212,-2.190336413000063,-2.644875263189062
-4.859349919397101,-14.276157000502574,-2.1653560385077926,-3.940510008164101
-4.792409791467045,-10.47940468463876,-2.0957548302700904,-4.451262460973664
-5.493227380670183,-10.351490288592062,-1.8772000229298709,-4.523510117969828
-1.3973934234691656,-1.6594721887834252,-1.21419830174816,-3.409903585775942
1.0479448060290406,7.520512942658493,-0.5342079052247467,-1.7425564407464598
2.5830750074954527,4.806023472234753,0.09243925799421887,-0.8260933966172535
4.072067046847786,12.659608742087874,0.6906241192183152,0.6016014078658776
3.6045852875563567,16.941410874846593,1.0360686851244116,1.6035642000895642
3.3382138049574994,13.425591274217677,1.1373953375599728,1.9120790702480441
2.6197348350291483,15.077273378474596,1.0418942861372789,1.998861969347965
-0.893474146468133,6.671175782513754,0.5227738060678825,1.0190549648474097
1.1822644855915612,-1.1822644855915612,0.09602211892097909,-1.2045882698994255
-2.0920657578528914,-8.278326990282743,-0.6334321209788412,-3.820459526976413
-2.1273510271751563,-7.6150692799455415,-1.24605168286668,-5.821640004696785
-7.822163894027319,-9.357210996658587,-2.5225570019135946,-8.261647180536382
-5.923892907642246,-7.729352065434783,-3.245477556345905,-9.951398123696743
-6.039099840080171,-5.602301357368999,-3.7945924023232984,-11.088792226026518
-6.987880857031484,-15.606212313699901,-4.295639488323563,-13.23634620781958
-3.9363124288768017,-21.013035604992933,-4.353095605544249,-15.781312770261728
3.104351335971248,-15.331428473778105,-3.6214973504689842,-16.938093988369378
2.0269338176888008,-13.952360246206899,-3.182089243060908,-18.203757356176794
4.261336496588346,-14.937712091547656,-2.586328854448367,-19.436930484070768
-4.665532245238438,-16.09000492413339,-3.0608333947001163,-20.792750474921082
-5.578448063485451,-17.790814885160245,-3.446317599414075,-22.014744772030976
-0.5895227476371185,-19.066998745141653,-3.2838402790632246,-23.174791597421414
-2.5124332863864858,-21.102360099241324,-3.4311283776395327,-24.873919952920467
-1.590771474415717,-24.80739492062871,-3.4715305460441126,-26.525406303538368
3.130152593174053,-17.603240546303507,-3.0512139302544776,-27.161221369239456
-1.3163449454782967,-17.606118344016892,-3.2666937395162132,-28.122485064682326
-4.113207791060955,-21.11892448889473,-3.839680789272148,-29.850418845802558
-9.149946496344622,-25.587819455609065,-4.84909921813869,-32.108960834915536
-8.629529206886957,-45.111734385907674,-5.527578700381781,-35.51127829964148
-14.338724178919454,-54.753307067181794,-6.692535654731838,-39.738882323693915
-11.551796816914502,-56.177920038594955,-7.1723178797082765,-42.987121885966914
-9.460402701637769,-50.875393398762064,-7.255032360442088,-44.77781962551118
-6.266425531592115,-42.514622056241066,-6.919871789427293,-45.650469529523896
-1.1785578886681127,-41.26960104294127,-6.068774627090367,-46.43871163390158
4.1897675192516015,-37.36717121496371,-4.968306919519259,-46.68134209510678
-2.097340881543143,-51.87070470193001,-4.753562027359588,-48.616151689861326
3.354018986422244,-51.45087164429349,-4.011532023136106,-50.025935001607024
-4.344731673181762,-47.667974171883536,-4.338888474526198,-51.4034132905244
-7.122008635589053,-43.47753020601794,-4.802245645883866,-51.99212460352566
-7.59120286077219,-47.903612463820195,-5.218947216104693,-52.90704992152513
-8.243848340499664,-57.404654197264946,-5.600757430056494,-54.95315470611878
-2.272932833569979,-63.29076084652983,-5.257476152542966,-57.112219365962595
-3.384258357831742,-64.1550574646686,-5.141433255108231,-58.8940671775448
-6.975446828780318,-56.327730331631926,-5.494486886273482,-59.8819111995893
-11.347590171665365,-59.17075335193572,-6.264743776227923,-61.22736774452643
-8.381986878179417,-62.378522058041746,-6.496790760695165,-62.28030231624162
-6.26876527531438,-66.76843634313212,-6.45591849204195,-63.68719130019329
-7.258065980798609,-65.63655928004373,-6.48268852951585,-64.75456352596828
-6.428876548289255,-61.28150264513123,-6.423803126282478,-65.22946129869982
-6.420799851899809,-61.70648647702575,-6.402781790867091,-65.66437114263097
-7.1029071880580466,-60.7754228097795,-6.500074695864973,-65.9939840065934
-8.73829427209895,-60.54209154206193,-6.7497214090606406,-66.25658925999971
-10.0588829274723,-59.77310503936057,-7.059568337537989,-66.42740443890494
-10.040692120119052,-61.00682966003733,-7.309550272908375,-66.78646118852372
-10.320012577171685,-63.520799337101494,-7.565321426244825,-67.27543988451926
-14.109085605075105,-63.62704977595571,-8.101110628612034,-67.91944229311379
-11.476344577930952,-64.3664756379197,-8.239835631115655,-68.4171890458097
-9.89539716042231,-70.05695539034951,-8.290202493465339,-69.46601339912101
-7.8183096938317185,-73.44810851882204,-8.12362969032763,-70.79468306894415
-7.993260668414768,-69.67555066188292,-7.965719152819692,-71.55763031344681
-12.938801966249097,-65.40153500662247,-8.427843912456787,-71.71682497141978
-12.634329051205754,-67.21142910469143,-8.782882322760518,-72.15376823895203
-15.121499398622312,-68.76158104363276,-9.31903040873613,-72.68631984234328
-12.791055259421015,-72.09991016287408,-9.522461372885134,-73.41646616433898
-13.448224755855431,-73.15973559383973,-9.782585082920214,-74.05767333367984
-9.284429477290267,-74.53205988122652,-9.596716780337905,-74.59244500128291
-11.590693422668766,-73.72862735048481,-9.761708625851629,-75.11074824826449
-13.808108655119668,-69.63748462579876,-10.070130306814706,-74.902666869524
-13.251874220278975,-71.77875123079147,-10.309190881830567,-74.86555387561992
-13.536743284731813,-73.78198515263261,-10.439102065430752,-74.77280630709016
-12.921385346348238,-75.31845870684228,-10.435853319065973,-74.54335298498111
-7.609080203012836,-75.19878965414905,-9.847737545377479,-74.04475071585475
-6.526357464230336,-71.70919063385028,-9.34013021143982,-73.28925852463858
-9.8200540134311,-70.73227185668581,-9.30421335365863,-72.66366167672224
-7.451052981976216,-73.8658848434549,-9.073862005051177,-72.55955555882544
-9.317982426712042,-74.5003847249233,-9.128067507447952,-72.53840974487262
-11.314655116561696,-74.6574985969604,-9.400350058935574,-72.50320394173997
-11.158301417015648,-70.99825811528564,-9.543030701121914,-71.79649972697358
-16.047442397181406,-66.37282936021087,-10.123793631669422,-70.65164948078501
-9.462605696513325,-71.36466907373698,-9.961288343656648,-70.17830057788237
-12.469168846245992,-71.61628716377935,-10.115898705798113,-69.55267773153231
-2.05474056204749,-75.77875477194524,-9.244060581004831,-69.06824430732297
-9.37209685586442,-68.04067691364968,-9.504337568058657,-67.20068775815515
-13.827489753493031,-67.10857711960107,-10.183735917699353,-65.27253188516325
-10.142584896555517,-66.74238292880425,-10.071665637825967,-63.221388086154654
-9.807127073721459,-57.572169482742815,-9.981605962202348,-60.868419227411074
-11.488384546868298,-63.64518805881196,-10.074233072225258,-59.32535145936452
-9.725447698127299,-50.71124605872853,-9.820882616693096,-56.2858467680344
-11.700303977873673,-52.45496024103367,-10.087514732318024,-54.50633614429197
-9.594857608707478,-58.06546787121015,-10.108874932799932,-53.58668391720266
-12.71222851457715,-49.81029320262305,-10.419328794280727,-51.348725137613556
-11.191243284528564,-49.46147727786117,-10.531121999320892,-49.76758319619485
-9.596344647450163,-45.94976603851894,-10.549669078670334,-47.78105853359422
-11.687204161456298,-53.59353580309642,-10.892836021740646,-47.09028262308894
-13.454646660562815,-46.904302290650065,-11.14481218361395,-45.29631489165347
-13.376923217012848,-46.329481073932534,-11.311537768301937,-43.45271940250066
-14.118610870323305,-48.049652066362405,-11.299537303554864,-41.606491629181676
-6.658474505791686,-41.129388697963456,-10.392274462599374,-38.80487984873215
-5.0964624780251695,-35.28556544150401,-9.813076049941746,-36.20242082079989
-11.97998373268309,-36.366012004373,-10.149432700331175,-33.55566345220487
-16.562735169058605,-35.31951221690605,-10.47373571284015,-30.997744536682415
-5.850466584641807,-28.320027006094463,-9.247932715195452,-27.589218872229463
-4.627695422110072,-27.809013217831296,-8.49257825043221,-25.104017292279433
-5.1518720906425735,-20.178628000191008,-7.74517956022298,-21.95609826276177
-8.345924388702556,-22.635593218835783,-7.608220912131242,-19.831473691851684
-12.553360164980361,-27.26838527920717,-7.835978680723955,-18.43080324988928
-3.271163452016093,-22.926565052193997,-6.522243863258099,-15.561162240209775
0.3477643077348669,-5.611803141981409,-5.469537341482596,-12.303935470759988
-5.588948032951913,-9.377731475352638,-5.525306180462513,-10.557383803246228
-7.3009141411391525,-23.302126450004,-5.5345368202910326,-10.008542109774025
-3.7682049318778987,-7.00198216373464,-4.91998632420873,-7.285094196526581
-0.9534979425079356,3.9778340467773683,-4.435047606917575,-4.937934338421446
-4.841205706442555,-9.494494672875337,-4.532715880878657,-4.559051690122502
-8.80910310559423,-14.957068888808116,-4.782202059715527,-4.142676400861195
-2.4856405114212743,-3.4114756694371793,-4.20980935950087,-2.4025034226325968
-0.9225958997372591,1.5066258751540853,-3.9104877356828798,-0.9138347654828777
-2.937317262966325,-2.28951489534028,-3.962018490652697,-0.2638680173615294
-6.880625038896527,-3.344804771281104,-4.260178418936567,0.8012799214144999
-4.715903042573447,-1.8913696358815626,-4.179572803524299,1.9777476663559255
-2.5530096392332533,5.6990817211569365,-3.8638057549994107,3.873388465413811
-1.780280847671135,-0.6339835446011584,-3.717433200145319,4.436952915067827
-3.893423803757675,-1.8150459378897035,-4.0065197828295265,4.918297596976477
-9.395980422921166,1.1638820524333762,-4.557601591587854,6.147539455810374
-4.676895605226888,10.516817453695083,-4.386287822350522,7.883413873381922
-0.9623372059092169,2.0750050558459656,-3.9622812786879464,8.217799487913535
-8.621925384551998,-4.76288459986944,-4.501198354007962,8.224269723657377
-5.178436660652115,14.161800954987482,-4.1641781336905375,10.971007804953093
-6.305843522315274,13.631274034337029,-3.990637450505967,12.459128240992118
1.1364964730434728,10.282910298476693,-3.071984129610951,13.438690815090556
-5.051538649941869,8.363341952560909,-2.9084063337624,14.422385033736289
-3.6534827496892817,17.238276136245986,-2.3265370346104435,16.61825901885005
0.9435522034564169,26.04440622798889,-1.4226312384462076,18.518596986183578
1.3964001984587018,17.384921092792286,-0.771818430445297,18.552043861588484
2.685169547849586,12.474673153633088,-0.06052745471163795,18.3430787629943
0.7041772482357779,24.505727000397048,0.21297238047613154,19.362420728102233
-0.8890090411768761,20.91964459518372,-0.05262424638840601,19.109685951206018
0.2642998539784172,13.051204848219804,0.026534415579785794,18.680869953160094
-0.2449327788335949,18.582641644419933,-0.03819285429163723,19.003285793787448
2.74699424264183,23.53534927874371,-0.042634305631247205,18.978449522309575
-3.837554626868363,11.186673385257434,-1.0768262735382033,17.12769431385114
-3.900748466357325,10.671440178343778,-1.5657740805616436,16.267490416129153
-4.70670535611026,9.433900633349282,-1.717113492302531,15.956948872168025
-2.086535020786468,14.035321591897796,-1.490714159865978,16.306193918184746
-1.6555426858730544,18.825082401456722,-1.1834227278125495,17.07028182274263
-5.89085652840928,28.168752308192634,-0.8964981306592974,18.478960651120058
0.6037181362399663,22.790126444471994,0.2700736987279473,18.686377398907492
7.089169140736324,8.976845548899655,1.632332971982685,17.038058474892523
5.709372621245659,16.83565440054411,2.441137411809641,17.24584306654014
1.982982329400421,18.54816023569132,2.580564085777191,17.781645413981707
-0.4818824048553709,20.513657389343276,2.396515291806649,18.255681891603338
3.8009194346980304,20.867525323583738,2.844982679214489,18.562524018005846
4.386965057255007,18.355846904381504,3.156648187458958,18.468906239142612
2.5703261330419678,18.93644423085344,2.9462611130534584,18.27716385163121
2.7332818476377234,16.448416583733817,2.6674475761788483,17.993522146885066
2.560628419529219,15.53639058716991,2.3894158603320856,17.65261970941782
3.836080411159083,17.778823981480233,2.1465946375312703,17.561182111233048
4.86706734679222,22.379581476628992,1.9212859564963256,17.65575516652085
4.068188235316732,18.076162636221337,1.3912434875693875,16.78716475074083
-2.4730516613702287,15.46262156676347,0.40971185633251417,16.140366773465775
-1.3837662270782258,19.290466504037823,-0.667761082372772,15.752363314927624
-0.9801503516721219,16.394494224512727,-1.5912267201643666,14.795451441649462
-2.3823830308868383,8.992046744266078,-2.4275813719165473,13.504164701078425
-3.067024888234916,12.859490019169412,-2.865411414989342,13.1072077957702
0.5867626823516936,15.573159738089645,-2.756678583619171,13.026032913772344
1.8649789739717895,13.815502997085645,-2.706269306837503,12.50736872825624
-0.4845636658790003,13.918208840547862,-2.9579701367160043,12.143334091894623
-4.204134568804069,10.901202825670643,-3.676178893490693,11.255851373695476
1.7733146048372175,17.452545489839167,-3.5689938571452196,11.148325520756533
-1.515690071157995,15.407000557678986,-4.115796527994638,10.308758196185579
-1.9751754293850063,11.552907556888751,-4.714366559044371,8.827600566117706
-6.2248163970822805,11.513066714748819,-6.016361970538821,6.850331116837901
-9.600733258728058,-2.3310569905299237,-7.195022615782731,4.174809130379964
-7.742467368358727,-0.42947805961958807,-7.766891238761623,2.3877387798397938
-3.802837128733858,4.961272298224513,-7.852702873854238,1.437132597266479
-5.444436784175424,1.3532528252578386,-8.184704930629723,0.1888610135111689
-9.978598191280115,-6.317927745301612,-8.869016256118256,-1.3786984887742202
-6.740591298628436,4.144656359592121,-9.047845938260481,-1.5890849346365352
-4.631598446568522,7.150697613344078,-9.210072490057915,-2.11382173164051
-8.053421887654801,-2.5960609850490677,-9.736008610529975,-3.7340366602554127
-10.816883351101325,-7.974909243521564,-10.435461421836523,-5.529559936652575
-8.549439404102225,-7.025427681452845,-10.65779645784368,-6.707872915210105
-6.759731229787202,-1.5609946682122011,-10.840743434019382,-7.47892156141221
-12.149884937575468,-9.187553285396039,-11.686996621256037,-9.224723122720494
-10.34313851967529,-13.749227840210208,-11.927070068275038,-10.678441751616031
-8.573052804876502,-5.48912533698095,-12.09870808204522,-11.069171732570531
-8.58815151098025,-12.473992647357415,-12.272682507889689,-12.039436602806756
-10.881714296968893,-14.523967089924556,-12.857620935949859,-13.22493668542845
-11.294743631110483,-13.798843897978768,-13.37793111317811,-14.041882763147784
-14.358908798304068,-15.32749831220166,-14.249891769114326,-14.73527619596795
-14.547681225860696,-14.353031819663512,-14.831610278924469,-15.057058015640681
-9.466245161763672,-13.53327782351684,-14.731565178949865,-15.039704904807744
-11.470198469484473,-13.232988004080864,-15.073715736594995,-15.113920467346185
-13.513134799579813,-9.4070731641811,-15.832001475934677,-14.877062685342816
-16.231430335636652,-10.313780085554283,-17.009711403618105,-14.989279727718285
-18.04407377300468,-13.105527364600015,-18.023817502632795,-15.477972338389106
-19.34040771787698,-17.645125986130143,-18.899451225832436,-16.24318417725912
-16.86252563850594,-22.189160660394855,-19.107906008929962,-16.841320231269634
-15.007915864104506,-12.606329992427323,-19.09187257797817,-16.34694995783459
-19.091058174247024,-7.435126701919144,-19.761941531270615,-15.731497911835369
-21.583714666875323,-14.06665546030722,-20.49886488263128,-16.000045723300435
-19.711886278364332,-20.88345875239396,-20.92807623438413,-16.46931533642439
-19.734026702260426,-16.05388896938991,-21.11929627748437,-16.2298416675878
-19.83022492309011,-15.717958303651601,-20.99922091100831,-15.638443462934886
-20.75828793726349,-15.418733962819893,-20.794198977881287,-15.288491887743087
-22.03635311031696,-20.428115581580894,-20.50613942397672,-14.936396815151276
-22.332195637518623,-10.173843896205783,-20.214676431341342,-13.376996458523731
-18.30266076155006,-9.902247449973196,-19.459748855319628,-12.002165765570748
-17.499141518097804,-13.15452989450735,-18.944898133520276,-11.554655532844617
-16.27568179507901,-10.68297635798379,-18.461044603851178,-10.645014036816839
-17.074310685565294,-6.85053817168872,-18.15675133308399,-9.894856534362013
-19.159880701866314,-8.846744779566798,-18.270057480203576,-9.738072517917086
-17.572056639127336,-8.577571206651891,-18.216000528456178,-9.779961553372205
-17.76769256708525,-12.613434143448433,-18.13192058543432,-10.11221928772854
-16.34962128921614,-7.65251438076814,-17.94328084975402,-10.003591076965353
-21.240719880605276,-12.948001764726092,-18.37497221020352,-10.744702837316867
-19.22368139666204,-15.029876793389006,-18.265107322514957,-11.201175780978614
-18.447846612796408,-9.667583049046113,-17.937189259870706,-10.778453630998097
-15.49879353927958,-7.180499727060709,-17.37973498791788,-10.20556750584991
-15.254124505516339,-9.291230497998427,-17.086713254242795,-10.175530111674625
-18.323938423527036,-12.082453656750948,-17.245439434888553,-10.540629367062067
-18.934579654187043,-8.5753603734976,-17.33109120536925,-10.319824433525731
-18.252822975631645,-2.654730053001024,-17.252078298197997,-9.657345768181719
-17.944607334112472,-8.729353664705664,-17.022311920860275,-9.859347444132702
-18.79167053455071,-14.831894116948453,-16.80283621987226,-10.556714450703414
-20.062770594704006,-13.921817050347403,-16.482772700035298,-10.806462888630131
-10.819114213162013,-7.621971294765658,-15.078636603709807,-10.01407513200838
-14.804089802671912,-10.850209804844159,-14.281792946930775,-9.867128084638999
-15.510782226907326,-7.496900999111896,-13.635400212324415,-9.318259101172407
-11.536271142957222,-7.5001569225234626,-12.508168299349137,-8.71621190764366
-6.434844285562506,-10.88815429574661,-11.021179084767276,-8.676632500415357
-9.487188205805145,-3.868738116075821,-10.495427289769879,-7.771463819038297
-7.807983000899376,-9.387207412276048,-9.750242191504256,-7.788307447956117
-12.340091911242059,-8.246577458792316,-9.6151786318376,-7.4936667200699105
-11.982186872179216,-6.6036351506152915,-9.143093649835873,-6.90331849261111
-10.43740076316581,-7.056083013473124,-8.493754792630988,-6.581575700381781
-3.9525598020914203,-6.123859008977199,-6.959866238406848,-6.135680289783329
-7.474995275917565,-5.449030439052973,-5.964865735603414,-5.527069363242209
-7.6713718199434675,-7.386895578042129,-4.953587362495979,-5.220355499047759
-6.320186491978987,-7.9063306517033025,-3.371426076257178,-4.8596351909023845
4.063272335546754,-3.981406677842796,-0.8301866519965111,-3.976633240604461
14.819348659756171,3.0898289571518585,2.3146356902206704,-2.3480083523276623
1.6732575493960817,-2.7336358625381374,3.055413379595341,-1.7082988863659243
4.377486346163934,-2.8403275021642456,4.018742222866334,-1.3822208023189395
0.05536475703718582,-4.12269387678642,4.2097927580607655,-1.2321088329244585
2.3156711921507935,-9.213623167564066,4.749295381963452,-1.5551097296562348
0.9646219838307913,-5.282124735174338,4.947452327564925,-1.2455971047544085
1.6439928725539275,5.511033979541589,5.199938157108431,0.09886471407965147
5.9050061251135855,4.582830759727364,5.813924613586321,0.8333902934593522
6.493277043317973,2.680423193720216,6.103073167619966,1.0024568837431178
5.230070548449644,-0.4312452978152871,6.094541520806964,0.7992686587195726
9.423676412645731,2.835441273602911,6.417787093423237,0.9898419057912978
6.260115362679119,5.526977940029084,6.013071897874302,1.239953886339285
3.682552475233028,-0.28391943194961733,5.4055002658044975,0.7794987235418489
4.384241013423261,0.09979669430114241,4.987077045350795,0.33498412155161256
2.8069952117144243,-4.7003558957428675,4.51697667096219,-0.3660270569724828
4.847777284442983,-2.890244291476047,4.258534865564938,-0.7196186743649886
2.516734254239286,-2.0558620084325145,3.7887678103048774,-0.835013636574276
4.307752206399112,-2.027030494590992,3.666648475166499,-0.7477586941472837
4.5311438847499765,-0.9535796761539184,3.6480274490882723,-0.22440634563127554
2.5521719007845656,-2.4039651201792824,3.439439307619055,0.24623884490504175
4.953643958980573,-4.822658597329403,3.5070416703192815,0.8127187411828438
2.8240820268307405,2.534803229095434,3.398955055297556,2.517273267927348
7.0349400899143975,5.201595441712898,3.774742271331738,4.235009295108722
3.161128643196664,6.803935154421127,3.556580931426489,5.870575652220382
2.821736628118439,4.182374180448638,3.4635619557179673,6.9980942012434575
3.559181905354477,0.22678237995613112,3.5887646895179084,7.847144706329474
3.255551949344672,2.467930448190432,3.750089196272555,9.18444708454949
2.4642818019890225,10.399145549617225,3.778893302538832,11.261697168624076
4.292350385942089,10.957101190112697,4.074192015022344,12.933436756691663
7.038070004301065,6.8062032205167045,4.52954697419573,14.340859544728717
2.4749294936252797,14.44126000761443,4.565780511632584,16.863352315016087
4.02814679967421,22.498465628452635,5.014131914446136,19.831274243304993
7.565078009161883,21.58828492010211,5.7583043026833405,22.154935611573467
4.046914039002326,17.363764919433304,6.029822476439437,24.245405684703634
7.740767175945782,31.1553195986137,6.838188371933269,27.54630694903511
5.397795005138025,31.518613118669006,7.296998902911686,30.416750375173223
7.8463171092035555,30.112395726307277,7.848538817497578,32.52627374453536
7.648569746398256,34.18995373746607,8.29813927384729,35.28961878454083
6.0812100029167375,38.89543788664646,8.580357343114688,38.51421040541989
7.846108770406903,40.27886815682768,8.778290724775754,40.92403580408908
5.268591798807321,41.742813290934116,8.81814542356974,43.97648082491198
7.453593191965614,51.47330199171653,9.110036274888596,47.2850062480652
8.339037374477815,50.81695658146061,9.31172666148631,49.51605747696088
2.397021425308313,44.94988842685698,8.970243726494262,51.39269116278884
5.666568105041624,56.02157365084138,9.451422470804976,54.407445407833514
13.295185458744736,58.29097055567025,10.470692395114924,56.20655255694098
7.980279723347228,57.02375273676217,10.558037710734713,57.66943981585164
4.492660252777087,56.28901492727268,10.297828770465754,59.279229528257204
8.157188896920351,60.72475380716618,10.512912813205872,60.738124651470244
11.162333278392067,64.5190494242745,10.908587292304105,61.80996497665281
5.016740029686564,59.77334542415977,10.45071776725441,62.336278567370314
5.314969011386872,62.570088581503185,10.073906088436182,62.82430599653093
4.537041405254808,62.00388096531151,9.72439664219128,63.34919029418603
9.269641157081843,65.90400306673541,9.960153456487356,64.13641343389122
7.037729953314752,61.0468335233428,9.678537926404422,64.2356151439492
4.089174928527076,62.525536711259335,9.184933161602642,64.65593365920425
7.078728282215501,65.95544466769289,9.11233884296335,65.35784813699543
6.114346798308186,66.40240144205747,8.862162365938643,65.77048672213402
7.897686845489872,65.90140455524559,8.83918081007351,66.19236949408892
5.976362384371124,66.68974444967999,8.518072358992576,66.38775960568609
5.1880608450759995,66.6637078840339,8.070399981287451,66.36857397742538
5.574429553547363,67.26268367973242,7.703381238778976,65.94199957969192
5.280420790962221,67.34210868664223,7.24906639843679,65.09659388314937
4.993481071864141,62.868737816458385,6.765109514125649,63.79199699563271
6.83717845430321,61.34800084543714,6.5265096495393795,62.54539812515381
4.021344885131982,58.403018530922,6.11779669367661,61.83777760389341
2.1620607172843602,59.398613281375184,5.64522329083393,61.297955359597296
5.425088225455969,61.17847259538612,5.718026373242439,60.56963389061937
8.31492597796373,56.835500587601295,5.9679897809587485,59.6729025476522
4.517793347272587,56.17058046922538,5.77683969537176,59.63506245728832
2.51018978568785,60.72824421095709,5.37691380393841,59.955773537677814
3.809559322291575,60.771948255005604,5.205906959054106,60.22800437709105
7.971601427486608,62.289926709096825,5.446650132183837,60.793351287851216
5.217732167141425,61.49306071360869,5.279894969090824,61.84420882080495
2.3291916379436075,62.43068844368469,4.9099080538724085,62.753793195297206
5.812503641806474,65.67551244835745,4.986990015543878,63.44583703326892
3.8963247659868854,62.90809093749032,4.854877643267137,64.10102097127836
5.059446357612542,66.40557376886464,4.867372152759575,64.72867561407185
4.560310044716914,65.16455811183613,4.769380007436388,65.10216579652686
3.529582202757384,66.19533444725849,4.578886322333282,65.51808442748697
5.015477170770103,66.03794820480032,4.571371654229698,65.6996453719758
2.9211514430834855,67.04563996149243,4.324373703564841,65.81413752745289
5.228671667861849,67.74789614899095,4.334136543881055,65.88902872569754
3.5416319140207273,66.07345959316879,4.141568427512221,65.81783940628533
3.278069263310023,65.70084837852345,3.9678494888650317,65.68512138152983
3.1798834822937954,67.16170859549351,3.8356568308032917,65.48053298673511
5.315920849989145,65.41981139933334,3.9061363411240095,65.02131989196513
4.614950472703673,64.3851973412136,3.8499783299909396,64.6921252183918
2.216483239658262,65.11480448247856,3.5481749242514393,64.37323532482085
3.540267558869022,63.41570007681639,3.416661829764226,63.643766117586026
4.66043527663305,64.64966721950671,3.4542549790337955,63.122377136288115
5.405768897900114,64.16118802534504,3.518191465654647,62.592107797357805
3.703587720095187,62.912952101818675,3.2383275848105484,61.91023883089805
3.2478950224903556,59.23170050369742,3.104378821317935,61.28895104936171
3.0673455615155856,60.89928606798604,3.095878688034183,61.14942291239683
3.5296103558371996,60.767698483101974,3.0659806744780393,60.82076076909181
3.1987451650609726,60.827551320988775,2.9863787500453762,60.56931785652503
3.19171717780017,62.403446530039425,2.9242941465367047,60.54200894662105
4.5378726794504045,61.30161120273698,2.944581094959352,60.1308020641513
3.924480005706911,60.92455916799778,2.84498371435045,59.529702707898345
3.630865163214536,60.50808315574886,2.716217127230212,58.847321890277804
3.768700895823978,58.72624423247863,2.5104516001693544,57.89873752022401
4.297725415735592,57.61380949714582,2.446176557700408,56.69249052231795
1.23564978190443,56.359181337860356,2.1525034492079467,55.3962562012829
7.2944459974426845,57.189344033741314,2.3625274129139164,54.065144816260855
3.108949953870172,50.88238690936295,2.003886157890859,52.416673728919676
3.3871328558507163,52.88361046173315,1.8068205567311917,50.994321460617336
5.308568380979309,52.28503699307289,1.674472836494186,48.813261718722636
4.434724350884776,45.32290098474496,1.3085990409573558,46.36887117934049
0.8165802582524174,41.73268350370845,0.7821431424865537,44.33925235102327
-1.2892047189959617,44.19121697152681,0.31091711027724533,42.673724983769894
5.583359533031033,49.05316162119041,0.6941857990271164,41.0033058813176
5.8953210195564,43.109859048344305,0.7991108881853932,38.56802507011745
2.8890521045192608,35.83889852385324,0.4071583152419347,35.94399219147027
-0.6817996427405313,33.69749285753443,-0.23318864766183245,33.325279730328674
2.350450599092196,39.50117210433089,-0.5423800353211594,31.17424386470098
5.405487304982548,31.47968700421868,-0.6505694466269143,27.95292348562861
-4.727666565531157,18.05571295936115,-1.6500969955333475,24.41953415136928
0.9678360215793814,29.545316148844815,-1.7538635339316127,21.816549269373557
4.800547161900601,34.23413096011322,-1.7111174583143667,18.724720218352413
2.1346884620036217,25.312212804203323,-2.201117689517295,14.16541754600339
0.10229363020166891,14.910801240252285,-2.340373283739519,10.272608555267674
-5.965111038741428,7.34214842908842,-3.0672618763119033,6.1639960563195295
-2.0900835292185156,-3.5142752636512182,-3.302039911361327,1.171993323134397
-8.920669943709136,-12.410468854989817,-3.8762476884738444,-3.103232634373407
-4.3929210073457865,-14.057787458274671,-3.430530474334854,-6.89095011695479
1.0541484105331949,-9.841544517835649,-2.630768631450061,-9.352173296206045
2.37230051905199,-10.263616137329885,-1.9660319044377061,-11.808335583607729
-2.963630518932977,-15.189295263625661,-1.9708350526622742,-13.723691611054695
-4.944068662962129,-14.973101030886209,-2.0608980672548767,-15.325300787782348
0.05840546347353159,-19.73160320903391,-1.3899427266558535,-16.971744219512445
5.66603716985614,-27.322604966139846,-0.2748046377151382,-18.31831573931337
-1.1281807352577553,-13.301304941274006,-0.06105864308227584,-17.08831183661254
2.2110014074861666,-13.36092304883126,0.4856642883937765,-16.203283348967513
2.850994806981216,-12.915991108521911,0.8906782420123326,-15.341230823717783
1.6082082733059786,-7.476458640792884,1.0191851090560053,-14.084182129494092
2.9751030290405636,-8.302342104320365,1.2383739880906772,-13.033561342468424
-1.220571954869974,-5.7832143239997595,0.8294002066115046,-11.937667921942394
-1.1723330153512586,-8.797964726787011,0.47961851353493073,-11.552255402849186
2.593804428999436,-10.287961816636896,0.6822472594511653,-11.096661480282624
0.2854547155020096,-9.845141107115479,0.5234661464566546,-10.394168230093296
2.075461577649016,-5.507246762526202,0.5522124866079818,-9.54746766922649
0.18068935511668638,-4.895853230384109,0.3105983880507814,-8.897346472456071
0.5424196993648379,-8.29482585183064,0.10595488786956433,-8.885361156579066
-3.1309024502194163,-8.282874999480963,-0.30516721208360575,-8.588880955146134
1.3836192691554,-5.910295563253562,-0.17651524566686438,-8.326462909794321
0.18563229610324464,-6.76809188902543,-0.31161352122387437,-8.341341407530846
-3.9531173813213036,-7.611660470393067,-0.8575173578095698,-8.505163620687098
-3.3381308493868094,-6.608496132949746,-1.0794374727037455,-8.562833165330012
1.8611805428696797,-11.383937674875558,-0.6656971303944856,-9.184219230254177
-0.7251253565922388,-9.936496390853275,-0.6764031443084557,-9.303237575954267
-0.5775450357087151,-5.136750482942045,-0.6681710724491144,-8.984309807599523
0.14993069372713116,-7.448288134828656,-0.623489351008672,-9.083856198348677
-0.8719196841144708,-7.537601686790272,-0.6457490426215998,-9.039706595086546
-0.7077244457443762,-12.76543141867648,-0.6615925200512411,-9.673752872876934
-0.011363673622949329,-8.92241104372378,-0.5687432234889558,-9.662172840641858
0.0911980959520689,-9.979571074390213,-0.5239270470021,-9.64144909254306
0.6721289222433839,-8.575800368089453,-0.37127177888199175,-9.406099116377913
1.4345683978498565,-11.46809373136059,-0.20721600709270246,-9.461373989198993
0.2817434918082542,-8.357913826910602,-0.17009433172281205,-8.885422484348366
-0.721287640909231,-8.514799874772335,-0.228114096955992,-8.38360827793184
-0.5693313779678512,-9.124903813281087,-0.20537143421757542,-7.952327125684378
0.1616708538936405,-11.438976557882434,-0.12531997767069414,-7.470655243619543
-0.124227867413034,-9.553274618167174,-0.11501621843054838,-6.472116645729452
3.4619751294538097,-3.1285149610935066,0.2341550028249016,-5.279330609668692
3.1433596822230085,-8.519039485097771,0.30932935637417197,-4.565692247322892
0.4680261592044018,-10.255124371299356,0.11850368432693165,-3.839344585117555
-4.244261503405192,-4.321575248251031,-0.3349723102162445,-1.0296195951932992
-3.0409144656211624,1.1480845206100387,-0.44773670095514373,1.6915908714222199
2.6018933983696995,5.505777906475854,0.1393630928171219,4.449875874199838
3.497205399077996,3.777372773711047,0.4024833725105811,6.105949700658737
2.2318527489457756,1.3539414243181012,0.46954568922915163,7.981162069901768
-4.212972414885536,8.229297145302555,-0.023585888266085486,10.751495571752471
-2.031535580933697,14.591798345340084,-0.06959059869753864,13.715667006677808
7.207767553413184,18.846921043705077,0.6305709350666332,16.595501342810866
4.542710207229621,14.03567625880477,0.5691480191746291,18.626001661584844
-7.070841085296867,11.427182302123242,-0.7254786883751043,21.8065680186792
-9.278942166494472,25.57838498786695,-1.7846860509405278,26.14372352031726
-2.258335996321794,31.90807193283384,-1.7934841900367295,30.37805080110154
1.835419259899834,26.989953411797444,-1.6192586258127424,33.94411357159643
-4.008230206510749,43.06240238963402,-1.9767906279784808,39.970345761373316
-6.751099525967478,44.320411897622286,-2.504068221052273,43.82885998967923
-2.735020366635072,49.52694100699401,-2.2613198481793932,47.19526368277676
2.157147306493363,48.10302294031328,-1.6867138170317397,50.12230633035792
-4.868543536028341,50.28160346080321,-1.878529755949626,53.30455629383977
-5.774462452332586,54.75973881998501,-1.9212445710121067,56.59500647583435
-3.9000688728480735,58.834660882911095,-1.5050726669072785,58.27120665915169
5.346543911630677,63.469288921595265,-0.09717561993180412,60.599505702482645
1.197547201398402,66.00936873345343,0.2941377550668634,63.089635277254004
-5.3406123028216745,60.64783163611407,-0.22670633997330997,64.39930125846003
-4.295100041748316,61.01390730586015,-0.3439521642375166,64.90192662156159
4.00821090726015,69.03168526409077,0.46873608016733276,66.20556660742763
-3.7831468662147607,64.73874987534928,0.08596643251050062,66.95218226368837
-3.7694717828035382,65.30986415834089,-0.2548209029841818,67.29344427705331
-4.865337265278428,65.42721672384856,-0.6105907725558956,67.57049856754003
-1.0134094784992187,67.9501270718407,-0.5170729761379118,67.80527833886545
-0.6191414317636398,69.86127949586428,-0.4137828723295146,67.99108247502389
-2.6143545116452303,68.44726828437739,-0.6598452748980257,67.46188005857394
-4.086739428301251,65.78024761252283,-1.0233170061618515,66.29501107653381
1.000306845113123,66.0219862401652,-0.7538674221688229,65.49852448793177
-2.320225182059661,62.56861443529212,-0.989330008587701,64.33554164453936
-3.784045889030359,57.07282143469512,-1.382330625909808,62.922308360938196
-4.009002555430668,58.346863914874454,-1.6449978188618943,62.07715774308227
-3.8435536253242844,59.895181912113856,-1.7983525206305475,61.18867090440043
-1.3133951462861513,61.99654910712942,-1.6245294838667665,60.514192892068245
-0.5159524983643397,61.286687053665155,-1.4289425689761222,60.04382227626042
-2.2186678965755005,58.16350593394468,-1.5598889265533555,59.527099908933536
-3.02514892947302,57.532288482391294,-1.7534212467231811,58.98927292320088
-2.5706501830132567,56.64321085910071,-1.8495199686805168,58.53114577310525
-2.187688874797613,58.25785065695649,-1.8548161429645815,58.54278959636742
-1.768290857245033,58.812546472428316,-1.8798164497896979,58.49194310211779
-1.7582942202606273,58.989063831520006,-1.8948143022340744,58.32951645034365
-1.1413043712664237,59.05736906664324,-1.8932159485271687,58.16826000297645
-1.497804145233408,58.78212098773696,-1.9831596423486435,58.072630564806964
-3.1532682796046907,58.37536825646828,-2.262256719619436,57.866080426996895
-3.8531177617131913,56.53031132684887,-2.581281946161174,57.413683470669284
-2.6347139711624785,57.69496007149716,-2.712998587447381,57.0010612255695
-1.3215389586743929,56.3405802757307,-2.6875740789448583,56.59106375225211
-2.7929153080840647,53.905253904619954,-2.9748387369366087,56.200937712680734
-2.3346360291980788,56.61360896094602,-3.0071662606987575,56.158052966330246
-2.709001658398436,56.32512906818,-3.0665579855316327,55.80856927877815
-0.985700948840357,55.10910620192106,-2.90401087858825,55.47754642971364
-2.356385798382788,55.55181172589888,-2.980949828193375,55.357802515156926
-2.0468511452512583,56.887548796664596,-2.965399754958857,55.36817078182994
-2.785289900498253,54.64295643755229,-2.9666712711264416,55.0332858608795
-1.370152822274726,55.82588223143772,-2.794683516524963,54.759024295802206
-2.8783443269367863,54.721380364243295,-2.836198504947494,54.718447168659665
-3.590650365092488,54.92984569088038,-2.980979039521421,54.70999063708419
-3.156106626792021,54.382283123574084,-3.009219016965648,54.52014275451752
-3.010869527596222,55.77026661059859,-3.025027071138017,54.31005747548008
-0.740875701712115,57.46928645642658,-2.8036018017556277,54.04468348066129
-1.8680309445749301,54.22956354204741,-2.764257901646006,53.40889578391395
-3.202847133795195,53.87866958359576,-2.8867931707846903,52.149309391916326
-2.746325585216322,56.20512506250644,-2.8207987037430726,50.923272958884354
-0.44621621155417796,53.357254133265556,-2.5856861499233617,48.413907306333364
0.40931761492040714,48.75464829098448,-2.442053409227188,46.250997103818406
-2.4356181310280447,49.16134547947278,-2.7247445874267773,43.70059422710487
-1.427138687651392,50.19057480270775,-2.831577260118343,40.63047466243679
-4.049184147525091,32.15763732217331,-3.43837624650078,36.09240182956976
-1.3419808797243014,31.883717553811476,-3.5756429662966616,32.42026408936396
-2.234174441963824,36.13583399016008,-3.8107708057452716,29.7881535217744
3.7336941728435002,32.96754932555071,-3.557539732731261,25.769547520273502
-2.0237022044464714,19.4562368633427,-4.246240682406015,20.909100546356523
-5.173618565856791,11.320596461684625,-4.929647702333359,16.506742168605516
-1.8366277643003763,19.32842143601837,-4.851388825892697,13.431319476405307
-0.755608021732186,25.02597984421064,-4.767901332603873,10.671570813152412
-9.06891701924491,-1.1840774275607786,-5.4512794636003346,6.016056347343059
-4.041875613055838,-13.16610154356793,-5.367558831576342,0.0565912370775854
1.167873159625477,4.987287134169173,-4.7025661254850935,-2.6580578019178227
-3.2141536374065596,1.6473469698343866,-4.585864081787065,-5.243271457299064
-1.9747655263149004,-2.4717630248230757,-4.051369780181274,-7.9604555677175055
-1.2614839414537025,-24.553214800345607,-3.6389263374292597,-12.316663980962055
2.724149875502996,-10.348866507656297,-2.876182141393298,-14.531023162857595
1.1752944216429257,-7.554982835908772,-2.476259351376105,-15.545682453172542
1.0558531593670464,-19.662925909238506,-1.899299867355842,-18.214439944709625
8.678325031951664,-8.421540556806631,-0.624209345573056,-18.470537069709362
0.6479820815137137,-24.570607608323442,-0.8479636797009262,-20.517611327404346
-3.60064317385851,-30.009063161773035,-1.4690722324101586,-22.122284451514478
-6.251541358246415,-20.573778579171318,-1.8657529167864828,-21.781578175890967
-3.338191480747897,-21.389737257934698,-1.557976185701115,-21.15574698104114
3.046474018957251,-10.969009866190628,-0.7565097925050261,-19.683383623747776
-0.3558524956378022,-15.391101479278582,-0.8804458536013093,-19.206300783418886
-3.636375293239313,-17.804309141089774,-1.396154349162432,-18.81788857135447
-1.2567240262208688,-17.216676850089204,-1.238051223140087,-18.00371682609027
-1.8931734421832263,-9.35835382357428,-1.339973852698542,-16.743867528450853
1.2366315694622054,-13.733006272844644,-1.2186551703788795,-16.275669123241638
-1.799659846301375,-19.427549741109825,-1.4307504050905422,-16.088555356058244
-2.746422031242289,-12.7014844836113,-1.5529709511866994,-14.956721095628357
-2.8762365616323873,-7.252927274279227,-1.6596950126847498,-13.746705892878081
1.2478808247135595,-10.969848425433476,-1.3360958940284753,-13.183680670673544
-2.320863929259299,-10.193537958776583,-1.404231286762101,-12.247161508697637
0.7524630815581893,-8.399517980690641,-1.1247012517143957,-11.52027586953286
-1.6606935114942079,-6.828593613787378,-1.1535014646409434,-10.958021493518872
-2.959677287681584,-13.145912461344635,-1.3158729660728075,-11.135411919414944
-0.9889800115892301,-8.853153959600718,-1.286028978338097,-10.726592769137921
-0.20236802284220787,-9.726567486316046,-1.1019391170973984,-10.380029995712304
-0.05897542523283494,-7.856532414314018,-1.0151081790338228,-10.102216618365286
0.14316869594107137,-16.314079350150944,-0.9699150815143601,-10.769881063304284
-0.6899643023980464,-10.102502617840516,-1.043145532146387,-10.541809872286203
-1.7301389937080889,-7.69667997092956,-1.2088600068755557,-10.052038022160444
-1.5733685410105223,-10.955219849204427,-1.3327907181847678,-10.139909215832795
-1.4651417402665885,-15.059259865069635,-1.419863917289704,-10.480849520810306
-0.974333138500407,-14.623535029515649,-1.4287184978835021,-10.39751128802494
-3.2155791351067773,-7.43154520638022,-1.6764104483310964,-9.277477527954167
-1.7341823257374722,-5.502948474374504,-1.7543686445533995,-8.339338253365188
0.04715596638052834,-11.765399591629087,-1.67173305195198,-8.04866618839873
-2.3675460009420206,-14.291521990978449,-1.9188050855099428,-7.743252848181095
-2.576829092727318,-18.075956441376068,-2.1126305661744498,-7.180334793782773
-1.8154663287399753,-4.79528321938553,-2.1479834781363656,-5.0365324365206705
1.9875700763704967,-3.2966772003322116,-1.8514563201327343,-3.0430261541629107
-2.8411342665260757,-10.557386214004469,-2.2208830016220085,-1.3288143948561548
-10.37104782115278,-7.989948525343748,-3.0695586919062947,1.2360556632453463
-6.593442562267456,4.717710736468038,-2.98993908689698,5.634927567502084
-3.7186546374675333,12.177523132163861,-2.5314131351767735,10.205977075598934
3.1864571551632954,20.16189054072616,-1.5078700346769018,15.79815352244946
-4.3131263300206895,20.965002730112488,-1.625565289345128,19.528229661917806
1.0308921973907057,26.6769854208444,-0.9028549875879274,24.50869441163975
-1.4873971323694406,22.556090083976976,-0.7088469872463361,27.676730499026636
1.883739617803644,30.804869096152203,0.052211114867751235,31.941309512104475
-0.5928590549521109,39.85918381830941,0.6885904677701256,37.1801185429544
-1.8781162886473153,39.528373999517186,1.115688112481978,41.0090875706911
-0.704703013024018,37.598955382974765,1.6769294950072338,44.507072889127386
-1.260190676851883,49.39191690855306,2.359145847955277,48.612708841894914
8.700546980348047,60.22741433693487,4.034544486931281,53.13887877426351
-0.9771277201973277,50.90115269505315,3.893362395859445,55.379323139896314
0.3875035845078184,48.62534667515422,4.162280139361966,58.272886691170115
-0.9529369361992082,59.91471956256361,4.362739198853922,62.54099699973594
7.318756193619844,70.42295257838163,5.504148526127944,66.8841622346327
3.751293854469346,71.23292831728536,5.95318626149435,70.25476086828846
3.1722124766813193,72.4152199879555,6.125552060123223,72.23482058181861
-1.3173347063834604,67.07697499076727,5.910292500679244,73.71454130631733
12.059391448071503,75.86656674069448,7.161520237412031,75.93998247573714
2.1015536704365694,75.7816167303045,7.121877371130363,77.59999751918319
0.7227904217024579,77.93332922258537,6.972924540618226,78.5302692880025
3.0005287759896624,79.56302025146651,7.172577585449868,79.75848922481467
4.4181012172763,82.32592152494158,7.443367449317375,80.76902812087202
3.591312274411369,81.90481598379861,7.466957244586103,81.15123078170683
3.3074824537616054,81.2537016558306,7.4084434483442045,80.9851562018623
2.9907932728235007,79.4670310050736,7.165499942908953,80.68691534843099
1.8346563871398427,79.98260983226679,6.807387876812921,80.3264645024243
1.905988293325004,80.85806680726625,6.454230814834197,79.7914131038267
0.4349630613630871,75.71717441154465,5.83669378820332,78.46813064554324
3.156837057754355,77.09747949058493,5.611504904960621,77.53887600133122
1.4177505473966525,77.16875708584172,5.262834937033787,76.26329936297475
4.363536256554435,76.61706200784401,5.254374710583718,74.5797573871067
3.8757039525178225,72.58057179347128,5.116178965948127,72.59516708626056
9.143874459891123,71.32553743754563,5.4281780962135,70.7060006973202
5.041830853770242,67.99725997540122,5.17860945555325,68.85100989519212
4.62584335463439,65.0831428182803,4.93050454073884,67.08569597968122
6.583356200043966,63.939246330628606,4.935357483061986,65.82224363380057
4.550784371967309,62.870282007908095,4.63810320384376,64.59144688154508
3.1631910581584064,61.17595519440664,4.2522976894079845,63.35640727081477
1.9743461881921478,62.308777575025815,3.7978383814572196,62.390795546127144
3.4695930677407634,61.22334615867858,3.63002308728821,61.787329722972125
3.7648961352132444,63.604263904532296,3.5284731736051755,61.28565311137558
3.785515824990555,60.327031817005164,3.353463718190493,60.53457870585128
5.92096362613017,60.08270183815352,3.447944630368027,60.12731300037767
5.960978451087706,62.81628052877364,3.4931107914678208,59.768856807056686
1.1153874151792178,56.98163344682486,2.9639057654414374,58.84205653279148
5.46559526789828,55.8127573734814,3.116327002547489,58.30983982263244
3.5424875235815843,58.38399245045692,3.0370810594250397,58.05276605348812
5.517128646208948,59.76630855569507,3.1232695328772024,57.61665524219558
6.7507819103578015,59.238811889814954,3.2866025359275253,56.984823754251984
3.922572231872581,56.66572907809827,3.081513558276261,56.14833094095127
3.745042752957785,57.98960602361453,2.870818529586103,55.23437454192346
3.07888651463228,60.95668381561483,2.49689139310108,53.58745526740891
2.1446562138029748,60.284805023857594,1.901316145856811,50.64601591766434
3.245346984081103,53.89748547967792,1.697202845722091,47.25673007506674
2.5277371691801442,41.54546598316714,1.4896566563904285,42.55861068477003
5.451320526901169,40.36438877718419,1.7057224276999954,38.550817830180975
7.79048372460592,35.74134489915772,2.114336785446553,34.159913058821516
12.27272476806904,32.758323467468536,2.6648434563222403,30.05929423367605
-1.7879839933272734,23.41811335740512,1.2495944506419419,25.37204692123864
2.6419585245627446,25.481248095223048,0.7935347113546696,21.79969853876223
-0.15896741408111967,20.527338374980978,0.1403957408061317,18.274575022935995
2.3224143594428455,18.454785400356325,0.047493383876986844,14.392063166698588
1.7140871551048242,21.789018976094532,-0.18613057669658323,11.443213940587654
-1.2416380347457923,15.517742116810732,-0.5916384810105489,7.687725420228081
0.22014933478010826,9.785854561889568,-0.5109171701597497,4.073693007057224
6.953095065259561,5.0669434190409275,0.23042142012032735,-0.18966533745952108
3.231068858612477,-2.8663388875557443,0.38983114164964233,-4.388557293692184
0.549523707328947,-10.61379083625183,0.17290742009350663,-9.889347860920013
4.2987335444760655,-14.454184431032596,0.41740316412282386,-14.56222953164473
0.044094907497904214,-41.060430235326905,-0.11291817454750128,-21.540425516896473
2.019826734290477,-30.60384302651981,-0.05790789138566546,-24.35166801631918
0.5404208885422901,-20.414268251812956,0.07164080811187062,-24.602574981636646
0.66979392404967,-26.61063801615162,0.30817263828429764,-25.325045496508203
-1.1510540829936378,-27.47066798712686,0.38442936341015327,-25.475511608775676
3.500519848202292,-22.163788495293943,0.7971237370358633,-24.675824900977997
-0.19986668629507015,-16.482177118179553,0.7202732228498477,-23.544697968901843
1.359150907372181,-22.42585590812483,0.929135022551274,-23.16901398450084
3.707105926906395,-20.480700200325273,1.3788329573055997,-22.341726765030337
4.086388905405361,-12.80886115712873,1.7050820312853203,-20.77635045196072
0.9785241603051841,-16.475825941471548,1.4180922678623848,-20.132578602296775
-0.6583293490195369,-18.119658454415976,1.0391928175707688,-19.56979403062505
-1.0580832265320044,-15.459223025890907,0.7389313337269545,-18.77051537936037
4.021330832442692,-12.04898787902947,1.0864586343381093,-17.662101124503423
3.680388939335045,-17.194434206935668,1.1225025331238774,-17.53634715516535
-1.0812352956544813,-18.306900917801073,0.5819943821652913,-17.285422486859886
0.18606910946372376,-17.14025612413647,0.28240846157154625,-16.756711405612123
-2.2327689462654,-15.022518563055922,-0.1958217901461506,-15.910507426746952
-1.6933845734070578,-15.587850753938167,-0.5410032287105563,-15.123519002586114
-0.4127305456533902,-5.788017127671842,-0.6800115417526691,-13.894208925174668
-0.036409867114915395,-19.025997690898663,-0.8081952167321431,-14.22784531200899
-1.7718396793358244,-14.675273077999146,-1.064684998986807,-13.717704781427772
0.6103165716694572,-7.993779427780171,-0.9914564591229936,-12.728984258550614
-3.564524634462216,-11.777832757281299,-1.4592238864188358,-12.373168335741166
-0.5950771666149506,-18.2043441156167,-1.5075553986881054,-12.65757148117526
1.8027471762422391,-20.14320339075889,-1.3457208782173327,-12.250527788271578
-0.7291083461128482,-19.28471715149046,-1.5550772268399007,-11.236849100528582
-7.43111421126033,-6.965583086633413,-2.247250618040743,-8.425267084639046
1.1806578159159689,-5.050810948548199,-1.680846093431477,-6.275969441169326
-0.5969222013560298,-10.523286664298029,-1.3961087704162263,-4.341880890345161
-1.6689733026439202,-13.35765016157331,-1.3042081949167135,-2.6991520760266536
-6.670854880125815,5.130845252486554,-1.4184439665540323,1.4318697867587353
-2.77170512801814,-0.8373740146237347,-0.861831908908566,4.6124491313878595
0.5485519984443834,-5.450346464493463,0.10487233251053239,7.6649383583487865
-3.1072013030218133,6.892558942040069,0.8009534852306608,12.946782862494327
0.26841288765039906,23.731796847161316,2.0595189396261215,18.973982167968543
3.77313655132371,32.04731160694,3.536531546226869,25.528740753008485
10.113827854146313,33.88254418845158,5.288565651738764,31.30651595846163
6.710342867983132,41.05222260761304,6.509953269629532,37.395383196038445
7.804373970002561,47.59756055740396,7.477602481214927,42.717578025131985
8.973221764400346,48.844992341907904,8.26438085777064,46.88304168458858
5.563713496639686,52.73807667434126,8.559734942377828,51.36377499199468
-1.1357028237776943,57.3800814821076,8.197357481490863,55.543432285300796
2.3166083811366462,62.33770003938055,8.479742497109894,59.955570112610445
11.974846086432308,65.1084715047332,9.529761751199983,63.19984771072727
8.165368675428791,63.81810681417738,9.93903345920257,65.9138698814923
2.9240312827654438,63.24751801287211,9.779302621809856,68.06838337326923
6.399094038616871,70.09243940003671,10.184178227643331,70.40861395760749
10.024412443866662,71.75848559201046,10.711657518347428,72.33463007647701
7.202337221846017,69.4716129357986,11.164445430091973,73.7210097603031
-0.9750757173526372,70.83899022318342,10.567721344648227,74.21545428445918
0.941109088116746,67.13154579700523,10.26563655345627,74.38798567315645
5.834655949918892,76.3519447544822,10.618385742074278,76.14260330364947
2.894835807755648,78.24402305396785,10.344946431339574,77.22288702473652
5.485903881462093,78.49543025790602,10.375972612089289,77.83651347864
4.768446660687671,76.79403206206075,10.096941943413352,78.22078314563812
2.3289719254467087,78.76618769868448,9.521378630784818,78.42686388520629
5.526262094539339,78.34830127719506,9.360000425076096,78.15851496240401
1.5934426810309528,78.62499574534701,8.701378923615204,77.48626865904428
4.466463745937361,78.29059961726618,8.404689879024337,76.06152482228019
4.344147813535205,71.36229092700522,7.9865590656551095,74.58783151522002
0.9290269594648496,70.6659725199426,7.286049166987132,73.34934229609331
1.4308544575616127,72.6447069498773,6.901450433729859,71.76593957304577
4.757265385066996,74.35744750574116,6.998463837482524,69.87175151876019
7.182954845369657,67.44725757975802,7.0449268986622595,67.98241620339431
2.7357695524989176,63.41997891005426,6.580174312355299,66.34871670882589
2.6261342125833296,66.17339524212865,6.27142736669247,64.91122494689968
2.559165613293541,66.72215926828608,6.076157088761028,62.935370717311486
5.739409969628753,59.70922486584979,6.112432528603212,60.50799721299307
6.001790230489836,55.18175868048336,6.110033420691352,58.66380258119891
4.7773546747352995,56.50578181430802,5.886636563377951,56.78494567616081
3.9333559424521742,55.97721431632528,5.717273075125387,54.865380190398945
8.949498250510306,54.353267651708535,6.078307521490675,52.80931112074407
7.404018025229615,48.45435263328488,6.03864331162203,50.69077071677097
7.441262279919057,44.859417527129466,6.05029405992575,48.606786275098074
6.297634886838681,49.127211537303026,5.960768799042059,47.234415283606715
7.0221659178705105,49.66609005795208,5.881484532940365,45.66146441219718
6.002447088901856,47.036520776636564,5.477713642200054,43.85268166848603
8.484638296265913,45.70005967226068,5.413237824970494,42.01662290723865
6.8460843139339325,48.26397764369887,4.985780713787236,39.939612992307985
8.509645016847362,40.365147746102565,4.801353126468962,37.30089066884225
5.472984401999803,36.271352246544616,4.166509043573271,33.60984519736412
2.776312671611264,37.6479054571422,3.383325623953941,31.232775276177957
9.783117633548914,28.09676679635306,3.1903576064087913,28.44121030391916
4.487760222205163,23.79135699624423,2.4564024401891125,25.807083016190774
8.131043317562622,29.41198390455449,2.166685457093797,23.62788575795784
7.070986836800223,18.938549206180745,1.9263321317395936,20.984470399369652
1.0492432730997485,16.697558491918628,1.1178690689688247,18.641796272672003
8.901030198362474,17.633692114847648,1.431213955033733,16.59133250299797
8.325201622564274,18.64863277582772,1.4918654679062096,14.927155868862583
6.574308543507881,17.680230016562145,0.9796187461918091,12.535442984961096
2.7762379802197388,7.023291573692193,0.13522708513912832,9.625165846517811
2.8437033892168775,6.956208676177846,-0.46620128761279317,7.139758779260072
3.179695170393066,12.10446982314872,-0.7458464485218028,5.661278057871817
0.608112920535697,5.308400492031624,-1.3170400249107774,3.3151724549531383
2.5542886771515683,1.9184374510828013,-1.5201882082891527,0.8110329535115405
2.4417318440676876,3.7049485251058374,-1.6691139295595485,-1.3326659968012222
1.998386829344852,5.5941507717666425,-1.7320676842148215,-2.8714683255800426
2.4899568484181858,4.183210913401152,-1.7700862402549582,-4.9099539755373005
-1.4299030448222898,-10.849509473854422,-2.176029357240528,-8.829644993172352
1.051072115457886,-4.135983762259136,-2.1509539279722527,-11.29544769643625
1.7437112764683538,-5.825657388524703,-2.225306124336882,-14.166652671036582
0.4500294417417442,-11.337316921710595,-2.5198372091403245,-17.3915183113363
-0.050030561101656525,-22.47265040832081,-2.825678971752966,-21.733625514320583
0.6517353189601365,-19.316994545883567,-3.143422254720669,-25.0320296075314
-1.9781063324374095,-37.18543337946699,-3.9529134006256474,-30.27591549896674
-6.899279413564198,-45.35147689440291,-4.950896818517556,-34.33568076589429
-2.932456748861401,-34.31769289036512,-5.332916491210002,-36.256411238939144
-6.83667924021367,-28.842384760435664,-6.204964056156165,-37.66953495837357
-6.512531286977871,-39.60849457055108,-6.928827521074232,-40.002841802399146
-6.252707060932601,-43.5029031035873,-7.478227310681692,-42.338593593136075
-5.099874293163491,-48.68050937741845,-7.839545755642679,-44.69402090964506
-11.732596362991895,-41.491033378735,-9.007389427538321,-46.03688838763551
-7.212510028229343,-45.54312837474829,-9.314415704129932,-47.30145930434366
-10.470046774131811,-47.49986913660124,-9.850914631902791,-48.50939330943333
-10.338553393579849,-46.19909932313672,-10.215159031598308,-49.034742616410014
-12.964626350252617,-45.65940263723903,-10.659643863150897,-49.20186245880159
-11.824891676350845,-38.23153639164712,-11.12119584758033,-49.110202661146715
-8.420455555354847,-44.53760950114896,-11.104545014734539,-49.84773988387445
-8.30469023849775,-44.77833409915959,-11.206620978319851,-50.698604487184625
-11.604459116402165,-44.148447184697574,-11.846582851787762,-51.68548556331769
-11.972668243764797,-49.882781134116186,-12.55968637640704,-53.684606366658386
-13.265525390204324,-60.456633850645936,-13.519481513771971,-56.47770424776989
-15.896766041831693,-56.65114115924724,-14.710113704137598,-58.54807322810569
-16.970126722670873,-56.213392795982976,-15.739658411330913,-60.26730206238629
-14.157451191992296,-61.25191677224828,-16.479624149781078,-62.46670430169542
-18.330475861673875,-60.566949310964084,-17.286795390678094,-63.74439501926787
-16.21342798208816,-55.82143543310464,-17.65387478895995,-64.18576186719761
-16.956528217254085,-60.43176524362393,-18.044340174204287,-65.40020342785722
-13.41682680742681,-61.603140005241535,-17.902639347913915,-66.33068097157312
-14.50457623761898,-63.33006213786211,-18.100724730420932,-68.10558055502493
-20.147711567501553,-66.17347635083155,-18.927298662071717,-69.88449903141151
-16.211536852660675,-68.05797915264186,-19.295787001724385,-71.59292957868519
-28.282181296044364,-59.0329545414592,-20.83846384651145,-72.11101803835278
-22.706401538144732,-65.89592154346316,-21.525046284409193,-73.106873118388
-19.216250700822222,-68.62335190542196,-21.53713580810699,-73.64788490893035
-21.960043259117853,-63.869946954171354,-21.911196490471813,-73.48789246229201
-20.15933169474217,-67.81247670600668,-22.296619400761337,-74.18567406876925
-21.684103178251757,-67.67211450895928,-22.748274201230274,-74.6144116379419
-19.98099918798907,-68.38216443481879,-22.853390838473185,-74.93409097042988
-23.876508901984632,-65.48521909901257,-23.39079608118223,-75.0104627027011
-21.939499585640128,-67.9868258782585,-23.58319428904107,-75.22617479242035
-20.41946350169279,-69.57456898427435,-23.353348953785115,-75.02144597930258
-19.606112210831114,-70.21443967261699,-22.80494227688674,-74.24791349267544
-20.3842856360279,-69.18152662029308,-22.259188004980942,-72.8846740421205
-19.663881363952886,-69.86281074373944,-21.464641450167154,-71.21727474977851
-18.799388011363053,-70.39439993605852,-20.45266905985805,-69.03017633748833
-15.755617001643323,-73.17663921551438,-19.259756935349134,-67.20504448845855
-17.981591956732302,-70.8450273791366,-18.48038321962562,-64.51130044063592
-18.664962501950487,-68.437720262896,-17.71598463274355,-61.29949590254761
-16.256350162759095,-67.79846592672648,-16.60535355105696,-58.01756123125545
-18.036920425673397,-66.0469134202783,-15.727568053755729,-54.83484503041191
-11.521366646785136,-57.831819360408865,-14.027640059957504,-49.8965013091328
-12.101940133708766,-35.43934710165244,-12.691438407190336,-44.68773814716095
-11.083048583494776,-49.903486520147915,-11.506315516354205,-41.9166586293979
-2.0090365179357668,-52.62013242508243,-9.858736498301253,-40.35681013582467
-2.5457607711104115,-51.416308886661774,-8.579423132677666,-37.92780818665555
-10.864226388750854,-39.90597628624291,-8.486543454256402,-34.37327923087301
-13.684115607456244,-28.041257681870263,-8.521932234695894,-30.385996752177054
-5.694400092751499,-33.06680826004895,-7.7019538377215735,-27.933961151812078
-2.639015508143232,-40.13607810448129,-6.722032383238748,-26.677790046781503
-2.9136026946299802,-33.54315871694524,-5.865568732643133,-23.814353909185098
-7.057003833168155,-17.361181512861723,-5.62219221065453,-19.7095129248709
-5.288549914360277,-15.316022178779697,-5.103510451209473,-16.388704776204705
1.7612881093289556,-22.19339473924259,-3.828805273945349,-14.51927947427653
-0.547754741502936,-15.210634504424563,-3.128148461301795,-11.888939074180684
-3.823107984384519,-8.892260475394501,-2.8754545902025193,-9.147420392220637
-3.91134018178264,-7.189841211007582,-2.6502979992218747,-7.069144407014781
-4.3995938795115554,-8.630473531511466,-2.5806502008172414,-5.635524307646039
0.25691812238555106,-14.404036849275089,-1.996109871067302,-4.710920442311157
-1.7055896650008164,-10.240050124847485,-1.6166355559946393,-2.7328774691697837
-1.2510083582126696,-2.7733675910950466,-1.2332820024427114,-0.46877663079981535
-1.2525099737633938,0.7123984797920825,-0.9960370799040901,1.7052534597180014
1.8010363060234338,-5.05618676758914,-0.40788373124422206,2.6469644111949813
0.3788497874182252,2.4919918080262295,-0.2741761672151897,4.272040089987796
0.8880295505876538,9.725773679836797,-0.21653910525187037,6.180811495622063
-1.214001414310779,-1.6147148050660645,-0.25828811061058954,6.526555683312659
-1.3376586322697972,3.5347115515518226,-0.3423042796768017,7.777663617590972
0.5434317943034224,13.332652261256472,-0.18735442189814422,9.231504688813619
2.0591228169277755,12.871814231225057,-0.1453789285633519,9.81274953174251
-2.387834280455793,3.1603472303408977,-0.6415863548121921,9.15830144013646
-1.263291473375774,8.22153070595145,-0.8003854862366245,9.142354531778672
-1.5725526806736687,7.580633669297633,-1.027372165893666,8.848957849099321
-2.2785859067311476,9.194957028555445,-1.2862103418546869,8.609033120766593
-4.574360021771312,6.876334601452915,-1.7229850007120462,7.802166267858972
-2.1324503194697417,7.0801160088996875,-1.692380944491942,6.8981856553485095
-2.10200665576007,5.833074639784963,-1.6550878384076242,5.44226576085663
0.6286084124646208,-0.9014198450399161,-1.3842575826741639,3.4511075079210043
0.3981088051009263,-1.205780252654964,-1.2452856979970388,1.9022416757102025
1.709479226058637,-1.6263566448806803,-1.1314988679355382,0.6006269515472831
-1.5347184658125406,-2.4901405482367425,-1.5464305418716022,-0.4855163205229466
-3.406100975706034,-1.804468698582188,-2.052438081276285,-1.325910834796843
-4.219314349773493,-2.1829404723523282,-2.4131376217463596,-2.092117181105645
-0.9630937159461559,-3.5691536791126266,-2.3207755386405786,-2.8011861908997524
-4.338291922446974,-4.452384648401869,-2.564065730536016,-3.314154067522086
-3.446661347256324,-5.276306610522786,-2.5718780325225863,-3.712288738562555
-2.2701932076209106,-2.9780512998774116,-2.480750205911591,-3.793375807515149
-1.1821404028404752,-0.15065443771770298,-2.3562215737449126,-3.6360654327359576
-0.120293091236171,-4.069323769045096,-2.16617122738063,-3.9721417933037753
-1.0285860822045247,-5.101553645826298,-2.1593372447866805,-4.256031234801513
-0.4857638954922633,-4.174102083466067,-2.071956782652908,-4.254553934940887
-2.0293925529075225,-4.107831194041328,-2.24507843001984,-4.345988902929072
-2.106484710255564,-4.309164968769847,-2.374708939069823,-4.463732892704316
-3.0717531053603895,-3.311503057546253,-2.6557217931096653,-4.288503149780726
-7.763723372566141,-4.304039541154743,-3.3058161984978836,-4.2875870327577985
-2.2531079345100458,-2.989633833013612,-3.050764922944966,-3.9733994215956727
0.5278550237133584,-1.58374434054974,-2.492071889807975,-3.664703236519828
-0.905147991062627,-4.294477989384515,-2.316207107134301,-3.711724063630105
-0.9473726028331082,-3.0831618143786046,-2.190346948263333,-3.614975330329057
-3.4975067537348252,-3.8353693479304476,-2.4767597887801376,-3.7062808473537445
-3.1930305396355805,-4.843942781229537,-2.5947581165067124,-3.803288307330706
-2.365659930361918,-2.948967847081624,-2.578462646896661,-3.650359836237883
-2.78941405629504,-3.9551698730689764,-2.665840325270494,-3.666228553259407
-3.0636063615572726,-4.198319163490591,-2.741508636812381,-3.5992421273173614
-2.0588555106018895,-2.0000068116691705,-2.732582789560363,-3.421424994081984
-3.3402695986553597,-3.526716008597626,-2.844349429755314,-3.3505535066740793
-1.3211602699158358,-1.6600044483488237,-2.7410606588095185,-3.083890896719447
-0.5016160974569988,-1.4707899335086052,-2.654603646425516,-2.8484960876000707
-2.636100646878422,-1.6017563585703494,-2.9688589718112364,-2.792639368060685
-4.547980128811827,-2.3006872634362234,-3.4139811096118318,-2.6986550703310983
-5.459075523190592,-4.755133713976788,-3.722368687648031,-2.854459390727538
-3.9147256831117367,-3.0813715697552717,-3.683409488953428,-2.7731355893605265
-3.2963586149411785,-3.037347053248284,-3.632755368659481,-2.755239436539586
-6.019085039696639,-4.541885210386636,-3.769704378242289,-2.880489673143219
-2.554900730035326,-4.5740363458102875,-3.399374743108743,-2.812679848747129
-5.76436345821647,-3.8203795925444433,-3.448338050649764,-2.641342352897438
-0.11380931659201467,-1.3316880229854366,-2.6650955272941803,-2.1891930574099208
0.43734058778207396,1.2784738544340322,-2.1895879357696617,-1.7457309740537277
0.8689268366449565,1.2498774909728956,-1.8084127316144505,-1.3916139927404505
-3.0028361836615947,-4.2011200137901366,-2.072687734596503,-1.776123697297609
-0.1835140544290224,-1.3650125684098813,-2.0071009995333364,-1.7082881807674815
-2.4188123431503694,0.43459247812339336,-2.161032172063333,-1.459119676405002
-1.2915560184101964,-3.6729423999996422,-2.141647477107543,-1.5450668954950322
-1.460291566624478,-2.8648662392363358,-2.0170863166561706,-1.5854790198729591
0.6238918950813399,-1.0096028159592978,-1.696303852342047,-1.4498540045891564
0.0337828842964302,-0.011260960852154228,-1.4665476892233353,-1.3462249088779825
-4.2911910629728105,-1.7038412241615415,-1.7054230881987462,-1.4142576491863463
-0.8062207756261859,-0.7494413037785925,-1.314586102246326,-1.2370770245676443
1.759279006868006,-1.2581956775003607,-0.760589302605684,-1.0757039383295277
0.21372036155062016,1.8450587639471556,-0.572045670950385,-0.6550647792494444
-0.3840116220575957,-1.0391394583570042,-0.4759401835017717,-0.751105752500296
-1.7441931425013224,-3.5474795405853037,-0.606869173806998,-1.070564165908096
0.13892540251077196,0.2431199457358326,-0.4913631339494785,-0.9322365788186782
0.3467466182335607,-0.3351882634937984,-0.42968443283678914,-0.8514533909951287
0.5581489335234352,1.3843221419836733,-0.343581609293618,-0.6480645493319196
-0.2606931638094202,-1.961242181741185,-0.35033206635537234,-0.8858486556547721
0.9009925160843218,-2.364216144376254,-0.23834430338408719,-1.0758782535503513
0.9336061499851867,-0.5134675331428505,-0.1411797221735958,-1.02995137572396
-1.6602655346362283,-0.25797900378211014,-0.3545351360443154,-0.999254444299634
0.6131762181833731,-1.7009136618102019,-0.25805970631162817,-1.141424701585567
1.3145196530273313,-1.6374633838557926,-0.08031284673143718,-1.193780813287465
1.2395345090510363,-0.7000702628743358,0.015108109645631904,-1.1493416168360784
-0.667864129977393,-0.679184386810846,-0.08582201744373041,-1.1348063067590868
0.4688741237288344,0.20584532156922972,-0.02971449467608194,-1.0388561857871765
0.6023627580280783,-0.34095578314880887,-0.002442066000107615,-1.0150939083953694
0.8809914051205018,2.089911963332882,0.04025040807041881,-0.8483673351694461
0.08042373542615182,-1.1260044057663892,-0.0588184271348977,-1.1162557523507661
-0.49199461541031225,-2.4263432010782116,-0.21406429432381782,-1.4445504898842196
0.2998865468200512,-2.6884189382166817,-0.19065124548410883,-1.6385849280110323
-0.3829903162779177,-1.7462425948739737,-0.22685237380376705,-1.6404205782550754
0.4447290871544564,-1.3457007789846596,-0.19635577036030816,-1.6562931379243782
0.3920245941927357,-2.849095161539631,-0.139001895874373,-1.814903632474189
0.9475811696072524,-1.2330361518372237,-0.04798441696918081,-1.7455665499569168
0.7059804558234405,-2.4079254585323135,-0.01297613695383426,-1.8163886475001028
-1.4379789322358063,-0.5207952576390014,-0.2955127965295358,-1.6815276701048836
0.6627987369595927,-1.1571421740083423,-0.2614439273865515,-1.70129875625838
0.2181668117293469,-1.5503180328206814,-0.27028994216496144,-1.7489013034197107
1.2800115684904683,-2.6546979167215614,-0.14866405615527656,-1.8830123146869417
0.5874746815265502,-1.3106117722874346,-0.12898990328875026,-1.8400858735354195
-1.3926770912797333,-1.6895556201837725,-0.3269102526187705,-1.9244379106627942
1.1758537659569557,-1.6463062447240862,-0.18510469696362591,-1.9181868980387402
1.2747597724823387,-1.2292255220102501,-0.11634182967915746,-1.898958062738666
0.14520296958560247,-0.9271045772551134,-0.20516076158912674,-1.834750746268561
-0.15949128935645698,-1.754676184518126,-0.27144644380008537,-1.8772340657417392
0.8938910837859966,-1.6602484271296418,-0.19699429811174862,-1.8979220481324697
-0.6164598307868222,-2.7408137925993237,-0.3356511807222253,-1.9856828754273643
-0.11102708316372496,-0.8105242330366289,-0.38037040053272964,-1.975780605459339
0.8055355263317662,-2.463314845484163,-0.32442723024921616,-2.128341111028039
0.7667264692105518,-1.5219694311774723,-0.26189910843071557,-2.1615463568338127
-0.0920844258990628,-1.8765548479244583,-0.2999964479995013,-2.1953891532578327
0.7701289620937516,-2.3914704517420318,-0.24778243959036317,-2.3115629899443872
0.3382153932347226,-1.206383699007783,-0.22990404075471899,-2.2641172803699305
0.3894569920767906,-1.580925626135269,-0.25861795122109676,-2.343953713286645
-0.2871322196298428,-2.1712301192429027,-0.3612995564304044,-2.4521090138836357
0.07992458901615167,-2.318444972188804,-0.3183604729536914,-2.496387737452498
0.2407507758919581,-1.5019938748979238,-0.3129585330609287,-2.461529010013539
-0.22526665048293776,-2.760577313736082,-0.3848103271333687,-2.5946139049277046
-0.11335060734294214,-3.368450919695934,-0.43429751544257866,-2.87223696743793
0.44343922544113923,-1.614771227891502,-0.4010959594463347,-2.829761200381357
-0.4235473853308232,-3.459131955127191,-0.4408937167610902,-2.883627595970359
0.18151788851779052,-2.0879143012692847,-0.3952746953173827,-2.824871377605667
-0.4971255844541692,-3.2156222192236363,-0.4649880310176977,-2.951821492738213
0.591853287893162,-3.4603216605875797,-0.3605314603784955,-3.064663352743279
-0.5924535931928956,-2.19941523659251,-0.39790428659571553,-2.9957818618738816
-0.5948134506464032,-2.975350918570559,-0.38708012585854196,-2.921361298140844
0.9946597628376873,-1.8312980156083432,-0.2107186358339022,-2.7996258028359216
0.10344563280503886,-2.25339565381113,-0.17961039085855168,-2.8391523548835145
1.0803090243935622,-1.5642990951981808,-0.027830101003534946,-2.7480352124570144
0.17102069792156727,-2.8743489589811784,0.013787326253427603,-2.7995482698090974
0.8664863318885279,-2.303562213616106,0.17660130351121045,-2.8322164646120127
1.682471548915516,-0.8697576356859028,0.34874492915293354,-2.7791327417050846
1.3868266580384374,-2.1763884627714307,0.45842265563375995,-2.8319244514313513
1.2390710813507502,-4.311530700428778,0.46709159009324286,-3.2746116409501975
1.7522407568645182,-2.190493114825418,0.5548385568731083,-3.4222164289238837
0.0684838458541768,-2.980390476881138,0.35021868879808865,-3.655135527165987
-0.5016770468035261,-3.0342450899581768,0.10279305396734079,-3.8751492642490457
-1.1850673730582835,-4.408908794721778,-0.2567162123962951,-4.34797107778696
0.04528470527003798,-3.5911633622098886,-0.3889112136108186,-4.59788046801906
0.3164957995795578,-5.070522982276175,-0.5027741474417667,-4.853581287372501
-0.9836275739400566,-8.070938409021513,-0.7182678465884854,-5.5599728415646075
-1.3136913820728042,6.18248757878354,-0.8835951660165292,-4.568194317095061
2.229091039770705,6.668949125234538,-0.9918556848699218,-4.322783420406871
1.9448764684508038,-17.190599867082597,-1.0913129526987364,-6.414728001117796
-2.6818425883583523,-22.303831239644296,-1.7084448441945541,-9.027928522219861
-3.0497315086269436,-12.090773240256311,-2.0489452876428564,-9.530072950177377
0.3431952498204345,-3.9553981658260255,-1.7328844192835229,-8.686774814391516
-0.7136735087477486,-5.0489141726032445,-1.5881901308076958,-8.30100392496419
-0.34230447375869033,-5.989786937027637,-1.5000244364940405,-8.136202204495428
-0.10450927365236928,-9.601665150270582,-1.5438587959617542,-8.530887878122657
-1.8206472568173708,-7.710352676534209,-1.7277500808104689,-8.616303961613154
-0.6890850103521908,-8.715837777474858,-1.65219234002382,-8.770665752033352
0.42479900964949135,-7.585856078909701,-1.496431328416398,-8.716808943959036
-0.9201720530589337,-8.402151858505745,-1.579142480330816,-8.811231408458942
-1.7118137572843932,-7.191652806023262,-1.6759321011667534,-8.689153657552769
-1.260892656146064,-8.710042711495039,-1.661278605272819,-8.77902287570436
-1.456153963431972,-7.699166852949103,-1.6933474353777662,-8.703731086783334
-1.1082722583222584,-8.265905873350984,-1.7332002518991116,-8.726676939195865
-2.4682064405423634,-7.841767420306234,-1.9030572773419008,-8.734542393885366
-0.7265417086319996,-9.41794966229076,-1.8338232649321686,-8.890591579861795
-2.0376067147037342,-7.753599588624053,-1.9627947162621298,-8.873602958736111
-2.0244742810897525,-10.138789447675444,-2.0696226755735436,-9.152657584612712
-1.5920356138436005,-9.398390287215875,-2.093920346360071,-9.231804165314028
-1.428309287348268,-7.422244631493191,-2.0867825994561264,-9.09147438594026
-0.5987521429840927,-6.6818892999053405,-1.9838456169937069,-8.964471766280408
-1.9749010441829975,-9.85255500112921,-2.0305150112529677,-9.154790162701204
-1.382830056684567,-9.900909381174948,-2.0185757596589142,-9.259660320197543
-1.6734668916241404,-9.009634094209558,-2.0245455922148867,-9.192968598556924
-1.8363199313314535,-9.161278544403572,-2.0327452136008466,-9.148659071762173
-1.4632287666284456,-8.239709033969836,-1.9959373888000442,-8.979685956152945
-1.0184199578770885,-8.845682924988655,-1.9368872123392493,-8.867868778516568
-0.8631345736900903,-8.664000158058283,-1.8307872160468381,-8.691580455732034
-1.1464565812027723,-7.90213454753569,-1.759775951197417,-8.434891629630204
-0.9520894480333791,-8.693492700841661,-1.6720443743880855,-8.298117667952251
-1.0917551072117173,-6.795886948132358,-1.613096508070472,-8.002395825973913
-0.8823134207629235,-7.931439618020716,-1.570618603254109,-7.924252732723892
-1.3030306629211907,-6.758838416016817,-1.5837930577852912,-7.7396199926035045
-2.0302736224700118,-7.509366872071563,-1.6396542135942882,-7.630678095062775
-0.7672586415557194,-7.601640273239044,-1.5597339589137398,-7.525629379888454
0.023014032140686928,-7.64026705737979,-1.4441237120210575,-7.434850595727724
-1.3212494054647104,-7.083214454940066,-1.5180189875287677,-7.356845675103544
-2.084074339267616,-7.07976711953617,-1.6274871425452708,-7.288296436869565
-1.0587312316231883,-8.028892831724898,-1.599318056505619,-7.308695550570581
-1.1560852651305622,-6.76864390719462,-1.563696116936353,-7.21530537555569
0.7084044019612151,-6.802770121257625,-1.3284589636723498,-7.109032328994489
-1.4198889921556082,-7.1284523532846436,-1.350756890608668,-7.073804022663246
-1.092149016154741,-7.28483660057093,-1.334272120086097,-7.076004020528971
-0.8787310873012913,-7.138146972085401,-1.2513838882475217,-7.017716941788378
-0.30912011465417205,-7.197334847355608,-1.0835599001380238,-6.9418417786386435
0.8373716705656841,-8.097979087008378,-0.8111749407967761,-6.935121798418142
-1.9444491425121113,-7.20408964760656,-0.920278074896591,-6.839351814715923
-1.5354317946886928,-7.779138215707298,-0.912780655702923,-6.765377524638412
0.6141055564731907,-5.59258105433045,-0.6361687457349345,-6.3818922943660645
0.7428235784910531,-5.556513938381085,-0.4127854597244864,-5.957586852016934
0.749656824545098,-3.4322023398897508,-0.2717088808311782,-5.480522565337638
0.9633440818418368,-3.833652337752155,-0.1338749613306569,-5.268777327328936
-0.40003931873780324,-4.404734201748822,-0.141109423746557,-5.144620301512156
0.677650303643314,-5.780990884992029,-0.02031739288062029,-5.127299455804883
0.537135425080979,-4.89725000554045,0.07578233500898371,-4.97666556817338
2.7397954604653396,-1.916356230419178,0.3679878239013661,-4.605817000955535
-0.16939638449041006,-4.1821507376162845,0.3370800611938541,-4.503855641998513
-0.6509850473070996,-5.673858970223051,0.30153702026153617,-4.519329538760148
0.25378277960259066,-5.847128752812172,0.3194989855953044,-4.577128145503868
0.6461150723344735,-3.675095789274024,0.37136583826988734,-4.442009419879326
1.460040126104443,-3.7334513052377414,0.4437584194136476,-4.415392903819749
1.6399099312796153,-4.2104312833098625,0.5996776666792607,-4.443202191923484
1.0152498356368815,-5.265901157126633,0.6206561280709517,-4.587818095859836
0.022935530619945,-7.186179037730356,0.5663542587624151,-4.882132966131898
0.7468787484985897,-4.383576618239478,0.5880691104110269,-4.779019892443781
0.9970528381302033,-4.991323404787547,0.6090176367072608,-4.750124158835893
0.7469550505647479,-4.872257466245952,0.581087573443766,-4.726316938800574
