X rot,Y rot,X rot(CF),Y rot(CF)
4.172131174216236,29.793172234369365,0.4578848731468145,2.9793172234369365
9.832468690420946,-8.950146785620031,1.4351905831185023,1.7951647156610107
82.82011168027877,-0.8882621803310947,9.608858265353613,1.1139212627030217
0.11297411199626249,86.12603926228076,8.732231682078947,9.905537642813467
9.689689443198018,79.0086359423286,8.834572878038182,16.815916175055058
10.115077802709596,78.79845533507786,8.982959248367917,23.015544136858864
11.885935423207245,77.87214876740943,9.273325568141926,28.516868722051328
2.768777843397547,86.67176674415865,8.627267742232375,34.3345569975445
0.9474083565581299,88.94075318715046,7.8815413456496834,39.81386363940586
6.916846222709486,81.47661892582099,7.794277940225893,43.98041397720768
23.59687293149155,66.13647714129327,9.396109958436428,46.28066151499029
15.47806492411756,74.3278322474288,10.040168050424388,49.094859504264676
13.225266444222454,76.29058717251648,10.359433614995034,51.81477578254024
19.244555028519454,70.38708693848702,11.249044992988697,53.691999264547135
1.1188795274490568,86.2196221712609,10.244410125824047,56.94476155521851
1.3490251426742925,86.0497523296266,9.397467047356399,59.85649727388069
1.0563404388623523,88.2009460082006,8.574965073529896,62.69314062059513
0.2512961446458075,86.41485909901186,7.789521844763625,65.07197659057421
0.5307802076229499,85.99455944070573,7.06378508562971,67.16753258551103
12.182471451041662,77.49587914298705,7.592691890109837,68.200710752709
9.541491292176849,79.33641996496121,7.827900074591347,69.31483129225484
10.805017229457194,78.78261791345732,8.13220720992526,70.27480079406975
25.87313468688626,63.68393679848103,9.963803774415254,69.62450828764065
0.0,87.80761271440377,9.007270725218003,71.30438361581315
21.791237999105896,67.58182936824316,10.294598750316716,70.84446406891875
22.616662414826596,66.29507915775889,11.57132420073717,70.39124313505468
17.59228344506478,71.44607921676173,12.182214018299703,70.50153590353072
20.27119411542236,68.92184992456355,13.003203631065405,70.34377341250423
20.218687912986308,68.94400550704144,13.745087937120092,70.23100272882819
20.60755411213659,69.09111399641361,14.45799104317136,70.11715126016688
0.0,85.59367923861898,13.017688122060331,71.68239184427163
0.06294488958633082,85.9677083920218,11.76480921866026,73.11971739217643
17.343952933664486,72.54313359130722,12.358517483290454,73.0731200807918
15.287696340981576,74.4495328410689,12.695404834708421,73.21186059346073
17.36942837585816,72.35800914741364,13.217356807144007,73.16288766259648
25.148242946139455,64.56108302991932,14.463620993562635,72.30305071077915
17.701923118024506,71.52458992911184,14.825993190741647,72.23894509062768
18.657505658710495,70.95416732771896,15.244869628378227,72.11046731433682
21.428534976280726,68.53142051273652,15.900610208970004,71.77097484791724
20.61151862646196,69.24094760127976,16.391487310261184,71.52030800111609
21.945280603878587,67.73274889229155,16.98479030374506,71.42522384595883
20.58745093776034,69.0750481806153,17.389025832795443,71.19034368400463
0.9400973164605863,61.925338432328985,15.781507026963483,70.272774456547
7.610448201730741,29.874375436757717,14.999576716959293,66.23320936372838
8.699673467585926,16.336708023283535,14.40476196454104,61.243559229683896
4.912295729973833,83.85249712072252,13.501683280015618,63.50555225542898
3.130154235924712,86.83959778760355,12.517568543545458,66.60402551093651
5.71058621264718,84.28871441909214,11.843877944043419,68.381425699462
8.681363224455298,41.86719002433869,11.528931815596057,65.75858228462143
11.44840259875916,30.76385269991587,11.530634619103207,62.29978108187606
4.055642766978597,45.69401186071526,10.786570548394563,60.64634919792792
8.61163869731097,49.69095908238111,10.578489577026662,59.75114606423583
8.230450666390905,47.94286459707917,10.383807823367668,58.57045532210032
6.45670116370316,42.159738009641416,10.03960097419511,56.94154389619794
9.761740183218793,80.23705660400864,10.048158406547861,59.28655318224619
2.7597945375805324,87.24020546241947,9.328253317361051,62.08198711255359
6.18448654486609,83.81362115745485,9.014082746981785,64.25570013536432
10.225546110063826,29.65033174119043,9.138526793213654,60.80450680739732
9.906861587066432,29.434348243434542,9.224703784049312,57.66749095100104
13.005987258032981,76.99401274196703,9.63938174976829,59.61992938963963
13.414857370677046,76.58512930120884,10.019196487431685,61.31679289224694
13.48430318172756,76.36078344660824,10.40102013396051,62.822565993484595
15.001796576224947,74.96451499433527,10.86302144230909,64.0436311225773
6.88818562477773,40.09019390246622,10.483950074296413,61.660172896749394
4.864267220456331,85.10147273837983,9.923081025553627,64.05706623969107
6.52157586625101,42.00787354662386,9.601480127943976,61.87859735206374
6.4038747044790805,41.93949354192206,9.320605081780695,59.91216788708011
6.727812396409533,43.43830021143573,9.100898332327548,58.265193333256136
7.220848596499467,40.91887983825095,8.930549847294358,56.565737556274705
6.438959191399702,39.45064147563675,8.690734293155275,54.8588997039361
7.214366180795243,40.19206419128895,8.55422725291164,53.4240940152668
2.6976913057949115,41.3172777861142,7.984100375757219,52.23979407174086
6.50918020710902,40.74492494805457,7.854333549732094,51.10514685402872
3.3177527561360796,40.35847154761579,7.401912111593866,50.03102894170803
4.4277009509037555,85.57225853740961,7.139735270334016,53.58515190127819
6.601143610386229,40.55603808079925,7.121051676858321,52.282790137550904
7.0089084369476025,40.55346551094094,7.11320376508099,51.113979812294495
6.682594754222477,40.88749114210643,7.074745917430253,50.11551415138256
2.013147681018166,40.53280278201277,6.569135712109655,49.170983472460854
6.591342140109134,40.40289755289201,6.64115788162716,48.364938239282594
7.087039839949497,41.14833512912436,6.720921649978479,47.64327792826677
6.439084088335015,39.86835927112753,6.697134840379019,46.875198276293304
3.3432301775642568,40.035127354839204,6.366141320662429,46.1914659933082
4.5433851740911,40.50141940205743,6.2201405151656015,45.73293461662587
6.243738401892032,43.58450317174744,6.262622441242825,45.66319070877925
5.272402317402857,84.72759768259715,6.20331035252295,49.57897491761142
3.3293613380221068,46.012589902860086,5.915915451072865,49.23992420239583
3.0126889439132496,46.824019401001024,5.669562266005759,49.03350929477543
1.511680431511201,44.97178033194462,5.299942021487601,48.65055777253815
4.826190598502751,85.17366177075887,5.258063062395223,52.34724985174953
2.700467087531051,87.29631950815407,5.002303464908806,55.842431626550294
4.192032822217464,85.80796717778254,4.928490141097688,58.86763403663536
1.0143896863565194,45.35812638468144,4.572461775012885,57.58703441647814
0.05596388579084409,89.43756096504683,4.156880688380757,60.776552720189976
3.1138784237781474,44.90688343591562,4.061511759630419,59.18979189863277
0.07931064879562696,27.430494881596147,3.71880309892862,54.10613700608941
2.3492591961011513,18.338613960560224,3.6347494720046516,48.8992167626052
8.470996894392703,81.2883383827504,4.175809328747274,52.14280068034491
11.29868739713083,78.6495091840513,4.924440647036011,54.79347153071555
12.794088194919079,21.953825108876384,5.747130592664013,51.50950688853164
0.0,-5.842489266191621,5.207593105916696,45.77540650970053
69.01186481598175,-20.417110039476967,11.590218750205645,37.59413958760721
0.0,-11.386428796409188,10.431196875185082,31.367105649968927
11.763678567999882,-13.703977110223386,10.602437410878776,26.86329508387336
11.81442650400702,-12.955095101731832,10.723911129351906,21.98118125615254
4.968258455137253,-0.0,10.202345861930443,19.149902825193774
10.409337121796204,-16.803309126237863,10.26783888104679,15.303955675852139
12.788803634890268,-0.6588651961459189,10.557927722843353,13.712826260408058
2.1738880490127057,-0.8087213699038045,9.755798564620594,12.86745012333107
0.6138413261061458,-2.5677831905858084,8.848266962906553,11.324201601099686
4.850345522163738,-1.2622848537753888,8.448818330282654,11.442072039581644
15.035006199158808,-10.030635277674397,9.121177575185538,11.291564666634667
3.927080385282491,46.69624459000953,8.610561749325006,14.851818918514137
8.497082075696097,77.61760829585802,8.644282484252193,21.128672665408832
14.401255639001677,75.58409038879715,9.219979799727142,27.730611384312553
7.64066775306929,81.45108565088401,9.071117297351433,33.12684201707657
11.395914194928547,78.60219677199608,9.338772559628229,37.68097291241585
16.0933519063722,71.90902580341047,10.0540778225469,41.104053010675614
9.724857069370596,78.7815430547426,10.021155747229269,44.878122625769336
23.139617262802147,65.91016259085849,11.338291975122434,45.405777003957645
24.443606388700392,65.55435905593134,12.64882341648023,45.6970321557199
10.650569868640426,-78.57276094249266,12.494616382306939,31.77509101383758
13.212922835540668,-2.1189733549488134,12.567752371141761,28.386234195279552
9.683961199005944,-2.1422592045272726,12.315648063088485,25.33888103850498
68.46155160318007,-21.25339562731991,17.96761246289917,20.406561768869057
24.655483378573997,-64.48816335266596,18.680437722405582,12.094066355952197
25.160013054230113,-64.83670188204628,19.33505937772544,4.4037376237554025
11.9158661129416,-4.6607644771815036,18.62831562376614,3.501684360226598
0.018024427784271792,-14.893101589856995,16.809057496534365,1.6657095820121317
9.683215319562843,27.042503892556304,16.13611450021126,4.213350845127618
9.389728769040996,79.20919460335578,15.510185850758356,11.71417186217181
0.5691446263118057,89.43059410979575,14.054623713046526,19.503951491514357
8.573140621790444,81.42665254162655,13.543299831401834,25.6973208331668
11.514537649097639,77.5456883462783,13.340423613171415,30.918226286768025
18.18945135504721,68.97621978686244,13.838517227053652,34.73281952990724
19.90749887747361,69.45260600248147,14.449400124920075,36.673561535943286
26.74987563119948,63.25012436880052,15.720394240433512,37.85384377342748
2.1233253972240456,16.949078097592093,14.365633920998063,34.32254277836302
8.910951563323112,-0.2669204158623672,13.85760843332217,30.864901802451936
2.1395430212809416,-87.84151367745805,12.741588151660032,19.01418391858308
14.206287049639478,-75.39111506099167,12.932027507106833,9.565203638946215
12.061664347227401,-17.52263211476814,12.845266000279196,6.861366628460276
0.0,-17.211321816408248,11.595983675060436,4.49373900534747
9.95055080554153,-9.479706183077829,11.431440388108545,3.14194410482555
1.999250259529849,30.733534785546265,10.492961833265941,5.921232943889988
10.087217858951242,68.07533673838648,10.461181328964242,12.16378072791979
8.299528817423093,81.51384288508703,10.257657299184174,19.108130455086894
8.479742685528937,81.1206435720859,10.080415456139262,25.56632833167229
2.9742797930177036,85.63169087283273,9.374542347842374,30.420864585788333
0.5548571260164719,26.177720425365123,8.527749398178868,30.00053490257044
86.94392202112309,-0.08035718271867796,16.391351393297718,26.992720503201834
48.643815913126176,-41.35609887411801,19.652048226959955,18.7693652830271
13.428469692070776,-62.555175812401494,19.03003388492142,10.643781402491875
29.780796863581337,-41.29625972892287,20.123797205688177,5.451151335151926
12.517404513820617,-71.27716465078468,19.39888312734112,-2.463374919930285
0.4684005485613587,-31.65043402665781,17.505972274043298,-5.378783120679373
9.324224989346774,-11.666359642263432,16.72297311809273,-6.007197261387398
12.83929397571977,19.060276716493846,16.334605203855435,-3.4568926116908765
3.144156189473587,48.54976243162113,15.051285493256946,3.9917805262281107
11.706709288793736,76.88823553447139,14.716827872810624,11.29908251560206
1.2255026384515226,88.23944640731769,13.42045870815334,18.993118904773624
2.65287061280489,87.26542244143998,12.383409822282617,25.82034925844026
9.985748379284535,79.92861825349341,12.148040624547695,29.437359364052448
8.974101962171872,16.89501263142684,11.831196376630723,28.18312469078989
87.22659401463423,-0.0,19.40625522440054,25.37436184003151
76.26169190017013,-0.0,25.09482179274086,21.468650846868055
38.64658482827774,-1.376365562911266,26.469509546676225,18.097416381462644
8.647615289891332,16.119871281427923,24.70490790725728,17.899661871459173
63.06214512230551,-25.97306659397325,28.580341552426226,13.540969177587687
26.68069358155533,-63.23421510242869,28.396010343125397,5.87224464271582
7.668090997189912,-35.89335776643952,26.323218408531847,1.695821806380438
11.87366650322096,-0.0,24.87826321800076,1.559766343299646
11.445429408792767,65.77382444412432,23.534979837079963,8.021775206817228
0.11518120271683262,30.637754444033902,21.19409921028487,10.302953283210652
5.50575440037755,84.34006866681888,19.647249462118566,17.72439001241117
4.038080043584905,85.93702838989262,18.12150809278429,24.54785232344176
2.557686777769778,87.33520771807538,16.584087793343908,30.831053511760082
0.03066714027575203,23.450262336621904,16.045844964678313,27.879936226307333
0.0,15.95415404507859,15.779168865157047,24.89519006925316
11.738330599397786,78.25585759112124,16.99494763400097,30.259836974111728
0.22681675215912117,22.09079685763664,17.041737599251903,27.36867342047949
1.6408931532268651,-0.3551986251522482,17.06256918518375,22.908957971641506
44.117774335100265,-0.3116080084178167,20.78873092154945,20.592054045391297
37.523124409289956,-40.416470190882976,23.1305061481861,14.49889627825242
5.472614153587004,-52.44446049434677,21.585251299871228,7.598453730763494
75.43156292728652,-4.302771803633996,26.706203073299783,6.606331177323746
11.268019047705128,-4.482781810803642,25.169598411198333,5.515282473930855
6.371859097688686,-1.054357216430983,23.290442800458052,6.546745985810701
2.785753987695852,-1.2825147186430665,21.239973919181836,8.003514571853874
6.4030076281520225,46.04406234314849,19.758819274811678,11.847347974937534
4.0088104175062025,85.94592113179489,18.183955793661283,19.257686206653805
0.08528266252043834,89.91354096843595,16.37518771718842,25.62223351489309
6.286429847416716,50.03993350015238,15.366380632501329,25.812766872197646
7.600183326846411,22.480506546235134,16.437028077508355,25.479540839601395
11.702093240665175,-8.640171538128062,17.792939173976706,20.037554334652878
8.322519273813713,-80.71516946390463,18.399187260296287,8.496175084568119
5.5282167539801685,-75.08832673972445,17.82549478981735,-0.7036720444260238
1.089109976114296,-74.71491435862627,16.086039514553914,-8.139971848365134
2.678802695777687,-6.606201304722661,14.091407435729726,-7.414579526825314
0.7117259335073652,-63.4261092686058,11.515698827492223,-12.113740134591149
21.068125257265308,-68.61435160753229,10.786910936118387,-17.745663877305113
0.5976641920944179,18.88341223243915,7.776512979273242,-14.045244815949006
6.9269185599084295,83.05251708981957,5.910927583138287,-4.335193816211843
0.2680235112158496,89.69559046893929,4.258667710297189,5.070770108486476
2.9608562065149813,85.96002978317591,4.093985796560189,13.215276228627175
7.607681743273143,80.5577788870764,5.263462261460493,18.630648631876678
0.5832286320446958,89.40084353485098,6.067255692412043,23.887332244311516
2.9115256947941623,81.45236174179917,7.053178875856362,27.95980465970914
88.65262413886985,-0.14877922615889777,16.212054699867636,23.847450087916226
0.30425337655707857,-18.578998842923713,15.254915788910626,18.61988916429788
25.519776301673982,-64.42684012929323,16.29926443560681,10.068987227305179
35.48112811764979,51.618424001836146,17.848313399230953,14.25910647727736
11.774816595997796,78.11448518366682,16.788971352495427,20.717262668526992
61.298737521316035,-4.085179541960517,20.695001404491993,18.453842874959157
71.86259275073684,-17.400765054397358,26.024256722322587,15.222885898817397
82.75281566061335,-7.073714422474294,31.697593532182196,13.556035026993571
3.985840435767868,81.79393969232768,27.28230371872397,21.584657554595687
2.563288183037879,86.9445538612363,22.63061590561338,29.599120467702498
0.6672050412830297,83.39081372212809,18.575603063455155,35.4101523885649
0.08412455363793886,-48.86940057062204,16.163989563618472,27.055021520127127
1.2749156718768004,-2.550463138001127,14.675082174444306,23.206289848207433
-67.83567308297891,-22.02259007343648,6.486800541831753,17.560531627035406
26.68168286048079,-63.23608362207397,8.519479613391313,8.575305216628283
55.375886396250586,-27.560153918738614,13.242013421448235,5.2613699901144955
1.0181370007528308,-76.25600017807159,12.020244099989382,-2.306672370215563
18.59425197768219,-52.624776824391205,12.799110536613625,-6.73562022021328
2.7968069623511123,-45.919054202386064,11.816467965446916,-10.65396361843056
26.916038410921047,49.96110033446216,13.342982261902728,-4.591770200240525
0.4792589209018439,70.68560697710065,12.255571759863708,2.9536927083332873
3.0940580589171116,-0.0,11.51598527526523,1.6761554985686609
56.23264315493341,-3.709209361536005,16.313712131934338,-0.5508084683578363
75.65432282333543,-4.253414722876845,22.68087243771567,-2.38896222358073
4.139247122957903,-70.2077431676213,20.9721526543315,-8.587008256916086
3.798640132335941,81.83218900702498,19.395572394498355,1.1081328435238218
1.369008375441931,87.38721734365622,18.165274771218666,10.115346637048512
18.47153085769523,-19.50400680409712,18.34553396765258,7.157808239498835
0.26003481276732965,-89.56660600033146,17.108655807889246,-2.4970453982246523
10.224022425041552,-79.76701090447649,16.425139034489973,-9.872286223658998
0.3636862536807191,-89.57296585798368,14.862413603737293,-17.841667164190703
0.0,-89.29442262104241,13.38056918992845,-24.91659156483771
1.650409535545429,-63.34279889482845,12.407064674871826,-28.75880008409633
29.37825379891143,-60.61864059900415,14.427633968955176,-31.800371921846654
47.10116049645238,-42.89883950354762,17.765681278193448,-32.61342478688698
41.51574835837621,-48.38214144488922,20.492718520562867,-32.92163996413758
66.92377556674113,-23.075635850877074,25.46195399617306,-30.16046703372756
-41.51810086460743,-3.8601502754942976,18.975551563530125,-25.691275052560723
19.69381182106519,-16.309627237292545,19.22462949768058,-24.591522484774362
30.519797810684214,-56.88113373226299,21.042268466385526,-27.818834754561394
0.030744872762635007,-5.1721600784345085,19.548993969618653,-25.554167286948708
27.66483506664973,-62.33516493335028,20.944272735810312,-28.76399224242856
23.944811023030645,-65.94816695809259,21.47770824392166,-31.972089103307944
9.425944382852384,-80.56580223079227,20.292318117356718,-36.79594133208691
56.707601258371184,-20.9300030392778,23.66418994290855,-34.978095594409055
44.07613976319247,-21.796664644052917,25.705659734097246,-33.657547919220775
48.391854033284375,-34.71190074314674,28.26997382050451,-33.66844885046834
30.89821843957744,-56.638837954819884,28.753882251877453,-35.67577020365159
24.33295911704651,-63.85519559150379,28.459637266638634,-37.899987551597114
41.78929424001715,-45.12871516067762,29.794320521228396,-37.34774580868837
5.958947205147156,70.65777564878832,27.55368395297905,-25.20832343393307
6.885137423545658,-5.118305098272086,25.495623193165482,-22.838771982046364
59.688786773318384,-0.0,29.2144815359136,-20.532703944147073
56.65516181000494,-31.036533302078833,32.27519841828457,-21.476667032612006
49.18551334782814,-40.64968438523954,34.01899327001755,-23.247770294592318
5.996144144327435,-73.99328429455734,31.21725797576915,-28.252520167871264
1.2797375766615993,-72.34648346763659,28.278879981659927,-32.65298520013788
0.20379926579713875,-76.3947648645322,25.47439481083701,-37.0161708001651
10.661724485066841,-71.98066828715088,24.075020908030982,-40.16072741909268
18.690085938079026,-63.17688234800942,23.53762664767701,-41.667869629541606
0.0,-56.52372170389733,21.538299097413127,-42.27296628735886
24.306045794735823,-26.371933573570754,21.889821858748448,-39.62209965720143
16.042782401211756,-0.0,21.38556829467417,-35.65054618003091
20.779315260178706,-12.394144841238555,21.64227886908722,-34.11079154233488
89.13009195645256,-0.83030697198605,28.67507544499933,-30.77388048988015
45.709864877314054,-36.75205331583955,30.45378339586439,-31.3673008259112
17.138222791978297,-47.59653967610707,29.122914358376548,-32.9544995200911
10.61793102048182,-72.68520695147681,27.296599230693946,-36.85165423269532
1.2508088389808392,-76.75397081885717,24.835264466331797,-41.19632100581532
10.015381997962663,-73.21285333130501,23.358222784380377,-44.52081393302078
2.1940698719618514,-87.74040292141038,21.56099833283318,-48.75236061811929
89.35944040001827,-0.2864621877644475,28.926873073902833,-42.70533566057999
27.012649745195304,-26.3507298250679,28.744244634161852,-39.38076057321199
0.6692721307836402,-11.112272729063358,25.936747383824034,-35.1409804910872
0.6990354252627569,-38.65639695341902,23.483327333006077,-35.45597251899977
6.499203567344926,-25.732763422977637,21.7920599946079,-34.33628519718382
5.263994148475183,-83.66949059883729,20.497604555032797,-39.19794924879955
84.35134997017377,-5.637884091450188,26.92742947822628,-35.84139311474401
42.73447635966666,-42.85770328287298,28.64952347934742,-36.38006229949584
18.887021703516393,-9.038100021148761,27.6802809353521,-34.23924775105044
0.791144798659324,-71.31656349715139,24.992878772064504,-37.840353371462065
9.241695447107697,-0.10954380408180195,23.41913448537035,-34.06280676586908
1.1402273499148268,-77.82490261983835,21.26269415350419,-38.72028352683852
79.0430075455086,-10.625980058955458,27.065458317132112,-35.62944859989754
84.52662437029926,-0.08538108966156382,32.81157492244883,-32.048385360324325
24.65270164176242,54.286420645967986,31.997336449342022,-23.405561248244716
1.2589692184063466,-0.6294466171125745,28.938889039225554,-20.903361998871958
14.06682847403353,-69.33575834094448,27.480331837668185,-25.908739037659362
3.450006799336658,-15.264596422384878,25.07736803612511,-24.786065234147184
75.8569263071086,-8.346017096426307,30.165560504444837,-22.824861947092653
58.678142062448956,-15.400223423857568,33.03660491978724,-22.07800114820426
16.56350760181778,-53.265734310076645,31.39698984447884,-25.196362250651042
0.22630354609361594,-27.77938529434834,28.570600603953295,-25.374695089371915
-68.9846177706245,-18.440951784421966,18.77110930084666,-24.676923812312033
37.59381630146406,-52.0874323299171,20.74736473373283,-27.796043366362618
62.98732537787144,-26.67352600994217,25.046108889749746,-27.362814531483934
38.05437726136267,-9.004388492349925,26.583271604773635,-25.517903225280456
6.2242550667930585,59.95901722418452,24.557400485326724,-16.951180645982813
79.18609820441988,-4.695111784380627,30.09563666944978,-15.716779866692823
58.710007488751856,-29.606233689923403,33.02769970557846,-17.08813746275634
83.1405358686623,-6.074122889449083,37.82353294020746,-15.920506997792028
43.69546023222656,-1.2179798556965342,38.13646612742463,-14.450116879002326
11.373059775364451,-21.830131384080147,35.46019419450869,-14.975828253174232
14.508681291609333,-39.20508788512145,33.45305053780653,-17.33280001789567
0.21186731286517466,-75.65390969479404,30.146794810732242,-23.540575107722912
29.036351992992877,-60.78965357485265,30.48217800987434,-27.190734862832834
37.31662020331787,-41.401381603405916,31.449500091814112,-28.048646865134415
0.0,44.888312462102036,28.588153136067817,-20.384370779739015
36.41078246821005,-33.55303492075116,29.379759580732422,-21.962855514450915
83.10605062998896,-2.4695811064276945,34.7534879222993,-20.224237997312713
0.0,-15.292987685985775,31.282604778924334,-19.71125800434796
67.2451508368617,-21.200616617516346,34.42336320151196,-19.762361804596097
0.0,-0.0,31.008645201971454,-17.675927150854044
68.81754413867117,-15.281025636242358,35.37474120251166,-15.201688907789821
-54.24789106055738,-24.0516688829163,25.79085965559407,-14.959831943470409
-80.60837479240774,-1.0185723577453683,15.300432393999994,-13.176026595584927
82.60925186856409,-7.026979951903681,22.214131135349533,-13.686465442667185
71.3518665602998,-17.278219497015016,27.12790467784456,-14.03622863436151
22.267649368490638,-39.988669148403375,26.80023792553512,-16.486236044544324
2.6756012243082594,72.1216589658387,24.42294982793152,-6.919599215261746
65.77225468204583,-24.22774531795417,28.620124588152116,-9.175848940034804
49.39357628985433,-38.47994648757697,30.7019354071773,-12.457877015399708
38.90932290978969,-50.989449587229664,31.24628484446144,-16.297843432888047
0.6262794279976679,-44.830522844411185,27.657749951670024,-18.92837854961288
0.37000841029485776,-20.240082041128268,24.966349843334033,-18.73857179952778
-63.92373458023517,25.70511986239353,15.4003490345649,-13.72253087761046
85.62765497010331,-4.323878387627463,22.51383535330958,-12.747490056093076
58.15613532057203,-2.9908174123398954,26.08026382331827,-11.87734950927501
7.695995046267908,-0.2192255085307186,24.261898014315523,-10.781338635918138
12.435769831684063,-41.72928502610844,23.07928519605238,-13.856347015395185
2.7683907058904866,-53.8454782855031,20.997699563830082,-17.849214340879257
1.0501361818608927,-45.83885237654034,19.00734017219805,-20.645842266582772
0.0,-46.67424494018856,17.14645348322252,-23.22999551104259
7.976930367088609,-53.67983084615209,16.304798881532793,-26.25725385371384
17.583883190682236,-37.25645005637667,16.504157694127127,-27.316501718254933
7.8452377343345425,-54.45863093499096,15.657502339369241,-30.02789784603541
17.36105706649679,-44.68331525387827,15.841048651776655,-31.49288996849909
12.581965007429288,-53.95030167342286,15.541521966731231,-33.747287627541084
23.979233070071256,-40.7095863810678,16.4298121610347,-34.47731902961131
13.733107794200926,-44.43392824350388,16.16069134267193,-35.52402575252729
0.3608373783926163,-48.21535740677959,14.5833166332669,-36.828197085891446
17.38857905940318,-43.240127105551856,14.866316158323276,-37.53094733976589
0.0,-48.895848013087516,13.381951718063467,-38.70123893381561
9.31328357970511,-52.65551107391943,13.010672690487175,-40.064169964619886
1.601048869705761,-26.553867693508632,11.944320995431934,-38.708674088653794
19.747706239527254,-7.443559047488469,12.777560283200245,-35.57776563797238
9.465120258327342,-2.023250221519639,12.571904066972497,-32.64435226426603
74.86837190115432,-13.328056390513002,18.837138636650224,-30.71272267689073
1.667671648421028,-86.08090945758356,18.601962930193718,-35.78758715648673
2.663457939525812,-85.43848722458259,18.566829988378835,-40.751577926655095
76.46631943972567,-13.532023377078225,25.625710231223444,-38.01856140299512
61.98851495613214,-27.964567685349454,29.267418184630344,-37.01274981749009
25.266966280241114,-0.0,28.90584627663417,-32.95944430138994
17.029675084891053,-72.57149575116887,27.73375587501711,-36.92030593491745
27.594437238157088,-50.050664640684985,28.004595003697524,-37.072547912364435
1.8408922886211503,-88.04271333017837,25.682888854327288,-40.761923232771785
8.908496754204704,-37.17989610551086,24.35940384278831,-38.94998006203043
8.389199651162388,-41.93278061772272,22.976459759503584,-38.0165654611111
22.51157342854921,-29.78698707686233,23.495390973736388,-35.99131754635035
23.215665576803275,-29.50144830318313,24.316029121065977,-33.75915504951455
28.947823495718307,-17.036153623330378,24.85924672647014,-30.82053429620911
0.0,-38.4857897170003,22.382390756113203,-30.029372815387468
1.9416201594455194,-28.97977529666314,21.046359497973153,-28.446764208553205
0.0,-0.0,19.557845685580418,-23.903767177010863
32.142000840174674,-40.42871959862139,21.11147494149786,-24.008262419171917
32.66313038944194,-36.757969181991825,22.30861758552891,-24.54447737026307
4.729988482032638,-47.94146451790436,20.62399131640066,-26.63684784075239
2.906811967500315,-87.0004885837462,18.9127313967778,-32.52165466314337
77.40778348059696,-3.9531654800065357,25.06191599447269,-29.58346223337931
74.79282765750709,-14.517138307217824,30.037343038638728,-27.795425260610493
46.96565431991196,-0.6293576576901239,31.734021495010325,-24.756673462150516
0.2772516543409829,-38.98092254736539,28.740245274302172,-25.89645714929796
0.3134715390355164,-51.143300887675984,26.06547629772207,-28.421141523135763
26.372871748599312,-50.76570384776467,26.449070804641856,-30.646529053308576
53.98616732840486,-9.3391559694679,29.275467479918923,-28.302471134237486
21.306631977300885,-0.8007545760300231,27.986194616680024,-25.268696424981623
7.393750572239034,-26.219686421132593,25.083354792388597,-25.01073435589443
73.1457358238238,-16.85203568772986,29.063310452784027,-24.31289502342912
20.435152398253067,-4.827834463385584,27.22121220458284,-22.55558744070721
2.940156871569841,-19.694834559480903,23.66982422853345,-22.188993068615115
1.321412613664884,-83.24706505615268,21.442677723535144,-29.29270103072765
27.125279351758024,-62.57507067211644,20.955670710784915,-33.155167002500114
46.55581160383746,-19.28899245610013,22.39295197566269,-31.483709853203628
3.733815860162512,-77.77612016765937,19.123725387013437,-35.440011953351494
18.7419083915726,-27.38208361436182,17.735681092049507,-33.50337942479604
3.109517051351121,-0.5225897742153983,15.292614306300278,-29.288949314699806
4.609235568304552,-23.04701586627899,13.396001623340402,-28.509488794285208
1.299899248715099,-41.71636237508611,12.349078408778634,-29.820283022594307
9.101081732677471,-56.23594640496967,12.095729122847908,-32.44419287228222
3.2462258870364105,-51.75167922135548,11.492252081709506,-32.616162881235354
7.660481626363422,-82.13499262376018,11.693868929304667,-35.66107638983898
18.406194727911647,-71.52974995840745,12.400277081684449,-38.07141702913857
0.041356394101046155,-81.72747700268333,11.398247608345956,-41.79513753030984
77.79035053185308,-0.0,18.482992251841708,-37.086066525370455
5.461001413297294,-0.5894954585591319,17.180793167987268,-32.70211934235344
0.11012467134798645,-0.6194629632578189,15.491726318323341,-28.55599874261182
34.553344433995385,-0.9829332143518172,17.442132404699706,-24.932012800472844
77.3312698078981,-0.0,23.440389656469925,-22.104643581494262
13.111392826023476,-41.87423974162949,22.54956630930314,-24.921419991400917
85.96053921427567,-2.3944935353903936,28.989732302090474,-24.912544139692997
84.0011093608628,-5.998516244819753,35.626037946899004,-24.388316922724755
19.033664655091144,41.1352643219437,35.26912122840524,-19.653271775357148
88.6540430795382,-0.0,39.7634683753506,-19.921043834462655
0.47547227767090194,-89.51796902051048,34.45018021596431,-28.344782154594157
42.18045596987952,-47.81915871241159,32.97197115013446,-30.844036604269032
-73.29890161412476,-4.03349782163889,20.093647232487164,-28.05738730615869
0.47583308480350933,82.08131442092912,17.00693452000888,-17.555692705968994
0.46962202829284105,51.46612757275666,15.44334067541743,-11.776106097943757
9.325625944244818,-31.444649807618717,14.943141721384139,-15.800731461277667
12.774131274083459,-31.61498456964527,14.049110905661705,-18.49018730646557
9.415029305059882,-40.917980587310055,13.781366867738926,-21.50112693989353
75.51388873473144,-7.863246814111144,20.236092336880926,-21.262270225025215
16.2796887073503,72.35771222387687,19.840451973927863,-13.137875033570122
-62.74974582093438,-0.07054962134462663,9.893279522685912,-11.831142492347572
-33.27031652853201,-48.55738512824024,5.718240528251144,-15.50376675593684
-44.920524556489816,-44.99499426361725,1.7810815770289565,-18.45288950670488
31.341476510157232,-58.28896853461678,5.085716490189113,-21.973718783541877
56.697707312414245,-33.101652209855196,10.849503358671168,-22.80503884373046
25.435648432079894,-62.871326723653745,12.30811786601204,-24.718102746226606
-52.49994656790373,-26.15184219841219,5.827311422620464,-24.746194248697073
-82.19455133954615,-7.784760044260974,-2.622019891764138,-22.82773021756644
-24.54444933443067,38.316759579520166,-4.79516359938957,-14.954159100453198
8.397727270363529,81.53841465297778,-3.4709279475287635,-5.2785200457207875
-44.29900385945745,45.689477054082914,-6.419323324981175,-1.30122415253431
43.77763130827889,-46.215071416442846,-0.055811067762038036,-7.409585978161806
1.7829349000184536,-44.53083145023673,0.835971925962576,-11.041672357430368
0.08513329213387974,-50.894706972425205,0.7608880625797064,-14.745571238777181
0.1728934036779459,-52.8099031313564,0.7108824898193014,-18.2689509929206
2.9874145771475615,-65.15420861256692,1.1506883703078525,-22.947034006793633
3.127905391725154,-57.86455511300843,1.4223337365717201,-25.840801384590684
8.644923908353032,-36.360190882556935,2.286394280467409,-26.742831937440744
-88.98038121878805,-0.9161228563506851,-7.860306170221496,-23.94471064765235
44.50980962525718,-10.088771530669622,-0.38772207158965877,-21.924651087099114
32.714083919003336,-57.285916080996664,3.234641733576511,-24.82569361702322
10.391930457998388,-22.51615820403383,4.224561445713355,-24.234121755113595
0.40100547459170266,-23.115717308693295,3.9213508867691287,-24.10778512726546
3.946351749118596,-66.58228757275383,3.9326448661338467,-27.92041857792117
67.63229154477729,-22.366114666555227,10.391922511097427,-27.166782079914345
-87.48929331639718,-0.0,0.612594821477737,-24.9689435665794
-55.3089000139715,-34.64545979922404,-4.7617684025252025,-28.187831831065242
0.22207179952115785,-89.59965211462941,-3.682987435755681,-36.58025050064303
21.27122685336524,-1.2019969613395913,-1.1875660068435892,-35.29366178793406
36.68456796939216,-53.23253509339039,2.833029070169299,-38.213167439090384
2.6827378253601895,-86.87960804324786,2.560847273932663,-43.92168936210155
-74.77604576134155,-3.745041239661626,-5.48818554104514,-41.537421496422446
-78.25250428083615,-4.0924581314028,-12.605228102047143,-39.12945951106552
11.29618456137841,-78.35136505558727,-9.828155537994665,-44.132955409029144
8.537159122104434,-36.89192452912576,-7.353998117786281,-45.43144774088614
44.11996027474468,-30.4177081109261,-2.205915255632422,-45.01721881605808
7.358492404472432,-20.179016095858046,-1.2464515888585777,-43.653520681442664
1.900758385653698,-88.08612791948802,-2.829013034155442,-49.22143789379682
0.15587743787276215,-86.43137648374675,-2.5164400174869725,-55.14963022607426
0.5841084511718753,-88.57833930719663,-2.1343851706210875,-59.60960037082772
8.275709636812726,-48.141912726949585,-1.0744138578166373,-59.58405298048571
16.012802723698563,-40.05978870697831,0.6343078003348829,-58.57690136229528
0.06052749684198438,-54.328590104907185,0.5769297699855931,-59.09906260296869
28.921167317652472,-38.34287539144349,3.411353524752281,-56.94725304212151
1.5267636587741826,-51.95019143281817,3.222894538154471,-56.393134667450724
13.856555536176227,-53.13592292934869,4.340260637956646,-56.34634479135045
53.96338635011761,-1.2285869599170733,8.462756415279614,-51.242591908970475
37.17620489201718,-34.835507360445064,9.680849354556425,-49.28372314877442
50.71544583330519,-39.28455416669482,11.533072361209928,-48.28263831163516
-75.70889433085486,-14.29054308575653,0.5576390507820754,-44.404024208894626
-84.26469111998772,-0.3144418100611704,-10.078822973928492,-39.324806427026544
44.314229881567655,-3.337422896237156,-5.624365016623153,-35.42508334112318
-56.025578696317744,-32.890463269925085,-11.78955508688269,-34.99237705919421
-56.79972622295881,-6.841226155557916,-16.272915711940684,-31.891460442113022
-30.59938202980775,-1.6241419309668181,-17.528585244490753,-28.717980499395352
81.94874367388196,-5.696383685632745,-9.462745482424472,-28.097103260767184
-72.44183055428417,-4.542268777623187,-15.760653989610441,-27.781459507109275
-89.0022125567462,-0.9974595680116957,-23.08480984632402,-26.219883940680432
-83.22430081489982,-5.757406197740305,-29.0987589431816,-23.01229265493604
-79.23398283797219,-10.763349119283564,-34.11228133266066,-20.696062423508195
-77.18079193564823,-8.602562944148833,-37.85632323265407,-18.11177354427455
32.311533237423845,-15.501359566936996,-30.764239875722616,-16.269617642724
-79.29787842469226,-9.628086956483674,-34.948168616115765,-14.136403505397679
-85.30997940626881,-0.11285369510769994,-39.315739008108174,-12.29325463123891
-79.22358838766893,-4.880184317869657,-43.29429493843067,-10.425092638069923
-72.04112442680332,-1.5296173941911695,-45.72481758192442,-8.124125266353804
-81.01346357565845,-0.04195143295166779,-49.19913256297721,-6.16280864637237
0.03217055837193611,-0.03217055837193611,-43.88955186916291,-4.984462394824235
68.38614565943827,-9.669634017540798,-32.38050883386004,-6.824689480760013
62.53404668935932,-14.502095507120716,-22.7833891594007,-8.639727793319748
2.9133024787886397,-0.0,-20.20485740016192,-7.724777914751133
-70.55730996619376,-11.125107658903783,-25.178476702566627,-8.060413942601512
13.522187874362187,-26.167381812031373,-21.1851583364768,-9.853522943284956
37.20869364084164,-8.180209729974562,-15.345704436454879,-9.68426795783178
0.35987408335403986,-26.707542883084965,-13.682261088290783,-11.346885526692976
0.07711063566309168,-89.45473740045429,-12.304881167803792,-19.141182164450786
0.05088415727729471,-0.1526526323647118,-11.064358070410186,-17.780955165440652
10.566261670687851,-48.03366872764484,-8.841525103933972,-20.797363926241225
0.0,-1.6135389328811822,-7.922197021021491,-18.72055394598919
0.2713591575178607,-25.229707052130365,-7.0956963649996165,-19.36624788255751
39.672140949039786,-1.171104962838097,-2.5524698855040726,-17.246779392112288
38.81028875251787,-9.280468147458377,1.5871036882217862,-16.306079565356818
0.0,-7.6588659928704095,1.5036910293232717,-15.54441164322268
48.443697996701125,-13.751891240946481,6.2340352375114385,-15.5009153281859
3.177691775750181,-42.736781503746855,5.943790204312412,-18.36410499917711
0.17169805455553389,-40.959572663157616,5.367817630558099,-20.58833878847592
59.65057087464953,-0.0,10.796367764127549,-18.386329337109245
59.232515335568266,-5.927396718985232,15.64018862814185,-17.1356269149915
1.0204309123038784,-4.08496773484767,14.214762474878663,-15.94488160766414
50.00880814972969,-19.871307126846578,17.808457118699643,-16.337524159582383
1.5317187044500977,-33.699376990817846,16.181401597885376,-18.073091122095242
49.78900877846652,-21.31679020826934,19.542437125103795,-18.379598435292806
0.0,-19.404038740934972,17.610178145417844,-18.404958496391377
1.2814183009940983,-10.631726688657944,16.012821244944934,-17.66274218584704
0.7992701729837233,-11.2617942896037,14.529114992710646,-17.195227548894465
48.69151734742779,-13.963440355478031,18.019691106044956,-16.857209134896333
0.08767326252841015,-23.34821866887136,16.235832833143682,-17.76126428676712
8.080767192143112,-22.089720563645677,15.349975124005457,-18.453254952622917
41.38328358511856,-16.291814831297486,17.89202352736868,-18.223920100795716
41.78111100762164,-13.61788860558624,20.28532922195886,-17.73549252379385
1.5366291586194134,-20.40221627983095,18.448520284327206,-18.001546578786876
55.27439525193064,-2.1169221748888383,22.149382590247853,-16.41294673381692
46.736690223573426,-13.164967960280336,24.619311826862855,-16.131980917531962
43.85535693265964,-14.778695733517702,26.553221680953985,-16.053812704474048
11.67267806375991,-1.5936213542424769,25.119029914654426,-14.695732500748601
46.85707463362591,-14.241350488251017,27.331857287314932,-14.684714146827089
46.27109148954374,-15.707894667543291,29.22646773043858,-14.782016931723136
46.333146262918724,-12.593707756840239,30.941257721091176,-14.560369220341718
0.09249090973856088,-11.972003985167351,27.858854322398663,-14.298784605221227
1.3242275399323726,-22.594392336836112,25.21432294186196,-15.119414080672792
1.3239730591903525,-26.50190265099628,22.849471159701668,-16.257594235415063
0.4230949160826754,-26.867008752175465,20.669352619309237,-17.317367748159803
0.6500851485437272,-27.03562592178512,18.737914421851006,-18.2887126494918
35.47252216222266,-17.459771373294128,20.437756875277486,-18.203482644009437
44.44781985536704,-15.46009387569287,22.8740074480956,-17.89245674427702
0.0,-7.5091227846065856,20.621782275805128,-16.847115714722193
43.08300808681364,-4.3262724808831345,22.868179666066283,-15.630206963857372
38.974366671848635,-5.770948168001654,24.481409053667416,-14.691479557554244
38.69792126391155,-14.926777910623903,25.922090809042977,-14.819162064616936
35.125364659020796,-16.898073987881034,26.84241819404076,-15.166518905798307
2.520681003825602,-26.53733517382231,24.503129971202448,-16.413524196722847
0.0,-23.491844960518495,22.10558033286083,-17.120531845621493
13.482698913513333,-21.469398040268363,21.38523112222379,-17.68457877042969
0.0,-14.735259501494843,19.388646941299122,-17.52753233971941
46.50416512815606,-14.03046874066,22.24096975235123,-17.270574071416522
56.001947753501305,-10.071623874833827,25.757769842542572,-16.755686685346042
57.88481469288079,-13.753726496208863,29.01664226650769,-16.665307460325455
2.8736197962782457,-29.144068224036367,26.402889637805355,-18.0535423153225
0.8270594192885837,-27.509848787899905,23.85574936404528,-18.998073725939022
51.12425271246751,-4.950268459399274,26.690874508047813,-17.593018390124744
6.90567399709076,-4.508977058185583,24.791499495120046,-16.284476852350675
51.93691560750259,-6.316328176652278,27.510987671243797,-15.28216580157473
51.519542206181555,-5.563320036633732,29.931629384279557,-14.308014049508111
4.255237961999226,-0.0,27.41730321915076,-12.874739362114553
48.6067297580294,-1.9778931407208307,29.57252068219893,-11.901505121654571
52.005728941399944,-9.595077432840046,31.891963645523614,-11.739015024528845
0.0,-14.142346642032694,28.778683311505603,-12.030943606126558
3.0562587348970722,-7.146404240950698,26.29644085384475,-11.61242860090668
52.30346221190538,-11.428655618412243,28.9685933713302,-11.702875730138153
48.1969296091879,-12.955402661777704,30.982388827177036,-11.963197125592185
50.73628972100307,-19.42220655158864,33.034725481445136,-12.864640052924656
0.4490689305728611,-31.74248153550737,29.77753387215944,-14.883782979808881
48.169776369720076,-19.339583783585176,31.623903160083444,-15.364538632705596
48.77310267391671,-10.837629603342586,33.37509792062707,-14.91006147022731
49.948703818634385,-12.184872382922826,35.035206602030854,-14.67264943172587
46.80615120553416,-11.64619258025931,36.22439266543462,-14.422767105357842
47.22865858628967,-13.030716820877936,37.35999483003921,-14.239042992940385
0.8438598574522818,-8.103642787227077,33.713877515986624,-13.572258697559894
45.918316017723306,-2.9354241870971665,34.95321449593129,-12.462407307582323
47.22772213275207,-1.1587141100605887,36.216871366483595,-11.322007453479005
48.739979895617076,-0.6334046731880494,37.50449519649618,-10.252460152549146
1.192862924591157,-5.32092325672423,33.87346937388583,-9.757107989684211
36.36104534774599,-12.301924258244545,34.134043765164975,-9.91925373867765
27.54723005653907,-2.7903798951527023,33.481408195829104,-9.126328186386225
43.167426868355406,-0.0,34.458803956211504,-8.160932008968976
0.3833658740606514,-15.52375473452796,31.053733430439166,-8.888420388395103
22.666306630388284,-0.0,30.404196857304306,-8.35099056329605
15.688354358360398,-54.11335277311691,29.082108790616022,-13.383409990385005
0.0,-87.14649716342399,26.26630249170709,-20.759100387078217
10.051989229759348,-74.11175909985866,24.8214360510085,-26.832503662936418
25.435593815822543,-61.5631694709445,24.887386178634944,-31.28389085442425
-86.42608629722933,-0.8599473450259525,13.76332137379661,-28.09467970959129
-83.89652727845537,-4.31734613824044,4.06768765360958,-25.69269444405926
-89.70841245255454,-0.2828814004607456,-5.30696815853355,-23.150888712218492
2.722941947242463,-19.385835328795732,-4.489687071620072,-22.70293299219683
26.56505117707799,-63.43494882292201,-1.1989918727044633,-26.740959002750262
-52.983967036478795,32.877407042729864,-6.36429854938724,-20.703275069957975
-52.58165165099246,-0.04625210431739925,-10.842583477868374,-18.61407659018781
-40.83663525728249,46.59882270224668,-13.696889419168564,-12.017901164761156
17.28450371022655,-1.5776692592550488,-10.443482930656534,-12.380832172683828
-73.5649798912964,-3.8187267569041077,-16.437815832827393,-13.77585827232723
-72.11455663168984,-13.703658669364303,-21.9971769356144,-13.690042892183609
-62.75383292252555,-1.096034810403437,-26.00228528239712,-11.775497045837653
2.37993347368699,-0.14419707050739064,-23.084300048010082,-9.406435750594705
-57.26795371697195,32.73120449871158,-26.414108162997874,-4.911198443221329
-54.95680195914826,34.97833456455217,-29.21087372581902,-0.8490085012226047
-58.234111558072655,-2.579062628075901,-32.1088005624795,-1.5380368146712933
-55.72586222153651,-5.310566095532229,-34.328567797087494,-1.8699462313070052
-89.96800268618976,-0.02861926721331308,-39.5738013623336,-1.4703631532182466
-43.97019204207873,26.12061393822163,-40.00670760588063,1.4552689070707792
-54.14676466040875,-0.1471056797946814,-41.27987361667695,1.3038253415140042
-43.9172833112887,-0.044379066378645776,-41.40208786858088,1.455905664083518
-46.61861026611221,-0.12317223241169795,-41.85338896329584,1.5794024545866683
-85.12176762191771,-4.878216466644961,-46.13103598946337,0.9369382723871694
-47.832240181411954,-4.771366235344403,-46.40551518728419,0.6483368292475999
-48.606567345240094,-1.3047104652716133,-46.731009716056874,0.7347801913987321
-49.82678053527457,-2.6428076205785276,-47.03825092011605,0.42395270791092976
-47.989167662296566,-2.7449362945419353,-47.12454870120433,0.10768212827633028
-47.17221001172325,-2.6709065959616676,-47.11152093912646,0.005701118447950293
-52.07593343826753,-0.039258548150126554,-47.528267532552015,0.014533396062951771
-47.05147944358678,-2.679688018752122,-47.52895513586923,-0.2544765316780976
-56.32999539612984,33.636814120430024,-48.61983778784949,3.228156350326608
-46.563785175912074,26.56939522223257,-48.53075161062522,5.6194405428607155
-46.81930803633773,25.878731188339934,-48.42226374174609,6.379461210462072
-70.56868025709477,-0.21276084794813754,-50.33612676732677,4.746315340498913
-80.21156856454793,-0.2281286092649254,-52.71015949666721,4.24997018216375
-44.28638721445693,44.72463597935835,-51.58198074172863,8.602406227532065
-54.179323102945894,35.80888893245475,-51.96455467250684,11.042749154512883
-47.67766892680366,-2.6654782162208344,-51.52267525824187,9.391758478508214
-55.45543114662431,-10.37267597776606,-52.17454626692744,7.560414269522009
-56.558687325326204,-12.990263568962968,-52.56899090711846,6.140773966589542
-61.19934769101211,-0.2248141294175093,-53.360576203828444,6.983375462332349
-42.68979242005902,46.15589648792511,-52.25832225293242,10.91402451145651
-58.22643120183995,30.647134298516587,-52.819957575304095,13.731549230620534
-52.228183935768214,26.949616401212158,-52.758306928907764,14.361523886610994
-54.79612715115732,-3.9546048461769785,-52.93783704273577,11.580514066767314
-44.636332525044864,-18.776059718366145,-52.08350338485981,8.169192566116564
-46.85414849628708,-3.2708965476984573,-51.55170530058269,7.026832509696894
-44.45343547544453,27.43919397055309,-50.840504272267346,9.458572472576407
-51.107799899265395,-1.2778425937700642,-50.86056971282975,8.544388981208936
-43.30430371372436,26.97974732862153,-50.098004181621505,10.57328359457615
-47.336543421356886,26.94395560217927,-49.99540009032786,12.210900413657074
-54.971809246435996,-2.9695133750628275,-50.562773830366154,10.62395063783852
-50.96153561579523,-0.18026548101027037,-50.66310802417624,9.877971774045244
-43.44845791323893,27.21773264905205,-50.07307049399854,11.684497479866536
-46.6675229646324,28.361057144500354,-49.87040123724513,13.371115278390986
-49.11486468260772,26.83348249997185,-49.78598498636154,13.897458870778081
-49.97757267252567,24.74501689499361,-49.59409031986345,15.013817726634748
-60.53190613943178,-0.04132843080379491,-50.26576503159128,13.5239672330283
-49.269717404418955,-12.057436796472576,-49.848480879561066,10.759307746108746
-40.72934829383081,25.166228053552892,-48.749697391980405,12.21765626540278
-43.42723737297761,29.972540149542404,-48.35815368015646,13.997679004961782
-55.895437614506406,-2.8722636597209212,-49.217408791148706,12.362348860630917
-57.9628219464823,-0.6358436421618665,-49.967736366224045,11.566529610351639
-45.461464810288824,25.275413170597037,-49.24394890528702,12.937417966376179
-39.23705410426706,30.067117034655443,-48.03000751678808,14.936189399921663
-43.17640691636157,27.059970139600768,-47.46550241857749,15.911613275416292
-52.59865587802985,-2.4234734343268016,-47.906130741621965,13.726761092991602
-44.517134115515034,26.722694723140442,-47.47812420878226,14.78232392165534
-44.97622739093582,24.918500390587635,-47.13532383997472,15.270781263205059
-53.97927840208415,-0.018105519524296242,-47.71419257862841,13.29347273760388
-53.07511837145627,-0.33547759157780216,-47.86149889836921,11.933669307739148
-50.38600255494463,-0.1789693057105011,-47.93800269914126,10.737039034180443
-47.1177754520081,24.387647338555116,-47.619918905725655,12.106634215762949
-39.615513042671516,29.3992514639645,-46.62601267056528,13.836789070354097
-44.791350410834035,26.763573165276533,-46.285355604897504,14.812956029464662
-50.703044723307045,-0.0678273639830882,-46.60146802818884,13.324877690119887
-52.76632071638489,-0.01818876912937704,-47.02435024357333,11.95553287625603
-51.838499814196126,-0.6203230545902843,-47.28042168918523,10.640786977827887
-47.24793968922076,-2.73676865480511,-47.10129562659337,9.198054315327946
-51.989778403870424,-3.399986352887938,-47.44504466767986,7.869135744689563
-52.7902372522545,-3.623247311276621,-47.76686163606099,6.658340187184547
-53.13183186534038,-0.09132831382108715,-48.038992246775194,5.985159596625968
-51.77101012974118,-0.08446107092427803,-48.05899556178935,5.385067758878577
-85.97066551711907,-3.1501695977860824,-51.49098698480324,4.584582191151043
-89.11677493157704,-0.8632751660419106,-54.92764211535849,4.074972027950832
-88.46985589164592,-1.018419200580695,-57.8842146380254,3.5321061875404274
-87.09210571452314,-0.4919271918818581,-60.505873974682814,3.1472906358577406
-88.7743349775926,-1.2093213497543924,-62.9973841971112,2.588858444930115
-86.81611346495859,-2.584704152040658,-65.0449517803845,1.9747693608055568
-86.5642729596158,-1.7998727776022672,-66.93141824945268,1.4324196507815683
-84.60011886063572,-5.358060131258818,-68.45123487545648,0.605318237463026
-84.9124546900147,-4.474055373784738,-69.88176907065275,0.0973808763382496
-76.89107434926393,-12.807058968628208,-70.39321868248334,-1.1885974593034343
-86.63238932479646,-3.35839896938109,-71.82332658640931,-1.4046844805402077
-85.77221966387967,-3.5779315292547764,-72.97198688652276,-1.6733984983887638
-83.3618249374394,-5.809599208181392,-73.79050504275946,-2.1925452869252786
-76.82994738359238,-13.07705954903059,-73.9009836279878,-3.3513478581739777
-84.63670561664385,-4.5934396230403385,-74.74344132303662,-3.5186333705384767
-78.98111564487758,-7.3191175084314555,-74.95120875522073,-3.894010028602584
-80.01692162906782,-6.259266629769186,-75.26431439375048,-4.117344849024588
-77.89442109474669,-12.00922807445454,-75.52622582720888,-4.905433934926362
-74.27204454099436,-14.000657564697969,-75.38074662988514,-5.704483015460774
-82.83047527814334,-0.20899971607180823,-76.10545231913844,-5.081148425979893
-85.61306224066686,-3.5728096935371,-77.03828201358137,-4.995925239758515
-80.11819701696813,-5.692940855309443,-77.33198343758417,-5.135977946351776
-79.90974808142883,-0.0,-77.57876753555642,-4.618945037212782
-79.28283655824535,-0.013801514458886704,-77.74656375080241,-4.378278013181668
-80.25906180133964,-5.566089983255834,-77.99190515890956,-4.753868370494429
-80.76170792091641,-5.383269256421382,-78.26448848854537,-4.992686321682545
-71.81216546680018,-14.85136666239218,-77.61918748408077,-5.975737561860379
-52.89157586181209,36.990433564125524,-75.1374263218539,-0.5951357164373619
-52.9261436713975,33.275273850981954,-72.91574843848764,3.3547831028999897
-74.8930555861883,-0.0,-73.11155548913557,3.107518533068006
-80.35631350343412,-5.226068837021991,-73.74149693942039,2.2741597960590063
-50.93492789909754,36.09783291334853,-71.46077133309804,5.656664512368112
-73.69358461485994,-0.49964915165661183,-71.6818541879918,4.936811771919838
-77.76628896258242,-0.1707157157060447,-72.27916789445851,4.360242229264119
-79.25459890911132,-0.055637388527788066,-72.93590183561844,3.804471061378058
-78.08084570298449,-4.760110559310505,-73.4475794284619,2.67842511304966
-80.99231567898778,-1.1913075293874966,-74.24437366420152,2.0979861999509826
-78.32336943297096,-4.882661672535442,-74.65151751588762,1.208654237129821
-77.54590718442044,-6.242615020679735,-74.90543739877144,0.47293952508932335
-79.33419902893864,-0.8806744539941013,-75.31197005033778,0.33867736382220226
-81.47977909806986,-1.0240092742275153,-75.9243540085461,0.16943160078058928
-80.22459010234157,-4.7106295958967115,-76.30930891563558,-0.3786890227039347
-80.23285460009116,-3.559810330313676,-76.64422836957733,-0.6962515351442982
-78.47740152124193,-4.085942124754817,-76.77478232596516,-1.0313732658610753
-78.5617668839257,-3.5129221106345807,-76.90951131611236,-1.2880472343078915
-79.50410023573053,-1.4902643542198566,-77.13379463555509,-1.299475053169317
-79.90809146445702,-0.02784956690303253,-77.36004111233842,-1.197938458741162
-80.33711128541967,-3.581252203931028,-77.60416034338701,-1.4711705966189272
-81.48027184722577,-3.557643469629282,-77.91125240980142,-1.6313140671260695
-81.83222636888772,-1.329367428237766,-78.23299866067188,-1.6011194032372393
-80.61939146925712,-3.730500662546517,-78.40073717817162,-1.8646224146643504
-80.99349078013317,-0.9692791249846399,-78.65231788187923,-1.7711033528719518
-80.88986549027003,-4.060428654403074,-78.86700394042822,-1.9758526769181937
-79.38034472384487,-0.0,-78.91675786609814,-1.764939164951565
-78.44673474746479,-2.2669933762261456,-78.86480898934931,-1.9203964944759697
-80.40125830342001,-3.6574662813450836,-79.01735468411518,-2.190424083849904
-75.77930646190745,-1.9985420348697693,-78.65727505273411,-2.267693894219066
-75.66529649239868,-2.615156276054547,-78.34921460128072,-2.3580202850743697
-77.806758904934,-5.779661312460009,-78.26858735225673,-2.805573700790033
-74.2539871059638,-7.090119931021465,-77.83140213678774,-3.2330664917521075
-76.00744183790778,-7.752923525656588,-77.64900610689975,-3.7378155539211817
-77.68112518094254,-3.2180870218318436,-77.6494012204109,-3.6830946091091943
-78.88611489229687,-2.91185298312911,-77.66630922882086,-3.605970446511186
-76.37899606936494,-8.078315427757987,-77.41157791287527,-4.0393270820404465
-76.55631517185567,-7.1990905010172686,-77.16982263113972,-4.370692736915228
-76.9387287497855,-7.266154836667578,-76.98828576208828,-4.647048107195807
-76.64340569208875,-7.126177172708028,-76.78169851844712,-4.894961013747029
-78.01496271997912,-4.522392572033695,-76.70771196150108,-4.7653682917130995
-81.88816771945842,-3.423669221987193,-77.04967356783116,-4.555831972526769
-78.67505226917817,-3.5478853709098903,-76.92812746850021,-4.3624953276322564
-80.18305897885426,-0.12417200561376894,-76.90145268060432,-3.938113377109797
-80.04987565679158,-6.591858053835826,-76.86447055074213,-4.1897473867671335
-81.43517962902844,-3.272332846002811,-76.82441168757839,-4.087563184599099
-76.48590604651652,-2.3702598961172994,-76.15740081812868,-3.911298504605881
-74.07157541815978,-0.013732782799392313,-75.31497094988751,-3.5918930774634
-66.76075446434804,-0.058872923892464554,-73.87681647690609,-3.2473849552360776
-64.92111089085618,-0.30241528496566605,-72.47635278853011,-3.0923536370639986
-66.42651540430005,-3.988683265896661,-71.86690340125215,-3.251513317504517
-72.86856741894086,-2.026824733890956,-71.94000110073094,-3.128632245402703
2.602562202499806,-0.0,-63.87429438872848,-2.780043830022738
12.983727330368573,-0.37723026788833514,-55.448980766437096,-2.4866556035802905
0.18918601171108176,77.78653109195153,-49.811515233660444,5.61101421101106
-38.59128143774554,51.407537862151045,-47.764346815901014,9.770964286048724
-88.6656794626402,-0.6811768167698791,-51.63442664546043,6.4877043742401455
-75.44493281194727,-0.05448977524785898,-52.96021008653659,3.7230193104363836
-85.12903932374806,-0.0,-55.73382583468522,1.7326410435148827
-32.98370813114736,56.69486944260194,-53.17740948417877,6.503367700217482
-28.5847065854879,61.41523340141079,-50.144200263011975,10.906447400107805
-87.24561732970967,-1.9472674260156266,-53.84334960326953,8.324801108335155
-88.51020922450981,-1.1038594247426872,-57.234600450889744,5.4651411618976
-43.90893675507709,-6.822823021135262,-55.90120965382757,2.623283674892024
-52.2918505312448,-3.42928140564328,-55.53780045912655,0.7518439607316232
-33.475671745930846,16.407307402093092,-53.28617537406653,1.1918406865471596
-85.55178156591212,-4.1205380568392656,-56.48085813065567,-0.3945269587838494
-89.28216243793602,-0.7164395568159244,-59.7581030652005,-0.2726876842359119
-79.01692177027046,-7.6348586945175105,-61.678488752501394,-0.7187063119816292
-83.58207837130007,-0.1495974035320101,-63.64845076781638,-0.573787787548881
-78.27031242046294,-0.7472739108953101,-64.39386594071462,-1.710159300646883
0.08147794557345253,88.61234539746593,-57.946331552085816,5.52057971878272
0.059849815334311995,5.755254601834081,-51.582904255038464,4.422825833042055
18.816421543120143,-15.063293683407567,-43.953025110337116,1.3837711333054903
44.3340619770213,-0.9312181839620706,-34.54391945503639,1.1535088428001083
0.3185601569181862,-74.518164218951,-30.626152409871466,-7.389711898489507
22.764979176362914,-66.1509585550309,-25.200130854301463,-14.31560755651006
56.83677536786273,-33.16322463213728,-16.90382954506214,-17.211460867126217
0.7069706892885237,-62.310625303228925,-14.861344941474403,-22.24763685272122
39.99051981775267,-2.5875316297478026,-9.33218899990284,-20.696450757904795
17.771473089925554,-52.29821707255565,-6.551471645881833,-24.109451816850793
62.858578317711455,-27.137645101153623,0.6733425107828408,-24.692507786502446
19.74285844541871,-70.11218646286915,2.600149066078489,-29.722948936581865
0.0,-88.23760897633949,2.384241029699648,-36.05601799399274
29.207674986922584,-60.788495268014366,5.351080608628049,-39.19402908017353
63.147499075076915,-7.322446314510905,11.434111768250036,-36.49039752116452
82.27415569200149,-2.9284259666709103,18.591352801846554,-33.29688738861592
0.0,-7.005011400897817,16.7682175216619,-30.64626467534029
17.055415126900314,19.24021866093179,16.797074686765892,-25.90219649438484
61.389504035300995,-0.047632291281617785,21.39701991169574,-22.184526333616503
58.25273750722698,-31.276656038369364,25.13267564071451,-22.741227853710114
82.72489608910907,-3.2465268773780824,31.403935853492897,-20.64885699271813
3.4233584336017695,-52.15830895932896,28.606839943564854,-23.747038830600587
14.085809012721775,-63.75765157871235,27.183591812312606,-28.272367280984284
87.43649503615683,-0.048343283962066934,33.08913404309398,-25.797323659908017
24.42191878486108,-62.46733279406203,32.09077892948443,-29.726698619124946
14.005179880347228,-60.8048363599554,30.30337932991422,-32.965321553513334
6.482648072587827,-75.37703362513007,27.819764219448757,-36.85013398204905
59.51833221843736,-30.481626741655287,30.92050651553082,-36.20208478472724
89.28384005452959,-0.0,36.547160480117725,-32.526777069613296
16.18765253310769,-70.57266732225202,34.31795014343199,-36.25881647655656
81.00519219165894,-8.99376696085189,38.79767434825469,-33.39160923490976
66.73100427392474,-22.80274853018232,41.468854669065976,-32.266494156803425
44.72813936569577,-25.400850752857444,41.79705031430148,-31.43895271717219
84.00454088270236,-0.7631794652113968,46.02659326427134,-28.351589132434125
24.488116820998343,-24.488116820998343,43.96185249017306,-27.911654115031006
10.338910542941047,-0.0,40.60395524201474,-25.120351298947753
1.162005693837861,-75.86563176628084,36.74996639406728,-30.154207589955874
0.0,-85.88376949447557,33.229000289011694,-35.72695767353761
14.036157490656215,-0.19851731556051658,31.486761810702866,-32.31481592781624
48.18090047286494,-9.53278565813516,33.21196193646106,-30.229941145122943
73.58412693622948,-12.350041162952651,37.25824713872798,-28.57385954385248
56.013138596872054,-33.92397357724133,39.20408742958057,-29.15503888612266
63.6560951831256,-23.385101940081594,41.65485309043125,-28.633007023579623
40.10029662714194,-49.89823096626579,41.4994661463924,-30.828643921665034
43.20078544603589,-46.78856032888466,41.69618586261629,-32.49718518070761
88.25251726425753,-1.1186088157472507,46.391391521864385,-29.354243574745926
86.58687997059205,-2.9184286317159636,50.425780061393645,-26.593593378152853
71.54253283195864,-16.407992434560562,52.63583701783946,-25.425399696007364
66.12813575806915,-2.1617771522966103,54.05995238804564,-22.92260996072026
89.4280669532413,-0.25577283605094336,57.61545086746597,-20.145056019245693
56.52024031183708,-9.8798315374796,57.515960346254225,-19.030594639771373
41.71169218541887,-32.364794202205104,55.97077780497985,-20.293594748686502
72.55956223151216,-0.08501066463833978,57.66929746900713,-18.201148554022144
63.738854406703126,-7.006928457499793,58.30263484216604,-17.03226089551495
76.17232123136152,-13.56855231011154,60.0896034810856,-16.680668662928806
89.49955468838328,-0.4476107560134744,63.04770547204437,-15.021362872237273
76.9507579873198,-12.7914936852419,64.47991912051847,-14.930146945904148
48.01210055966087,-0.266170694703779,62.86845024153196,-13.741443977272661
68.29309034102072,-21.54612432548708,63.433998220946485,-14.942782241101737
31.340683852676158,-57.342951768205225,60.25214770014999,-19.303990033506743
55.34296615058965,-34.61828397109053,59.86703107191151,-21.114007213524662
82.82032516110802,-0.0,62.235184908312085,-19.002606492172195
57.9946167919165,-18.541977963997237,61.81229603560382,-18.93455890653027
80.40150569095445,-0.7327523040438174,63.68234677213125,-17.53634771193048
15.096906169451497,-43.15829678613438,58.82826836071823,-20.581519718587515
63.162704960255546,-0.49926973561014193,59.29839904357273,-18.898119147770693
84.67511408403388,-5.283649073331771,61.91961253235167,-17.667481300632144
61.978439692342185,-4.966855602041649,61.92783112621333,-16.376533234589886
56.2315191980876,-18.71751498862749,61.36754344485114,-16.540280264955477
48.96649561799423,-31.634062463411382,60.127438662165446,-17.961376042052976
66.29935817496137,-21.070855295725682,60.746348170696955,-18.15896518879429
67.34194153849045,-13.409351533855226,61.41030445404119,-17.683935121010308
66.04642445167848,-3.131846342491168,61.8167561484614,-16.29907738819656
61.62454948920695,-18.70771172648032,61.79815380314665,-16.676246165536387
52.170915729803696,-29.199017688992367,60.77833839275892,-18.068950798798017
55.80321063798325,-25.498881920802685,60.21521493025845,-18.884424827029015
54.3440490542718,-22.449938793399063,59.66368612891932,-19.221739582444645
54.67967029110733,-23.683861599717527,59.168376148191555,-19.64967697501163
79.51002244630496,-7.722083427801288,61.27515909861358,-18.455818383649376
52.90830042288783,-34.62509516133756,60.4495342997433,-20.04416590874644
52.96483762783517,-34.55184342814011,59.70326310583493,-21.490468011830846
58.870130555977845,-23.84782472774121,59.63149183558205,-21.576157881895163
72.98227211959279,-10.012157346785516,60.97611948230374,-20.208704393269695
35.685291109725625,-31.30077701071861,58.45809771374822,-21.174323868755046
29.39453165982467,-55.92038673393173,55.55284034499708,-24.50822786519638
85.69603531284089,-2.8578950249530823,58.577327780712764,-22.272843436133883
69.4824503900488,-3.901918136278058,59.7658782095853,-20.43128525729334
13.264126809731813,-60.67708089048521,54.860748871126674,-24.402964057253747
18.62902851369034,-71.30140394895604,51.17162263690976,-29.061754611309475
1.8898381200239778,-88.03857867683902,46.10342891804561,-34.95888739954182
18.73511370653692,-66.35199410979727,43.37635312208558,-38.097098833926154
27.668879515392998,-62.331120484607,41.89464392935526,-40.49576817456676
85.61180184817168,-0.0,46.18061926322164,-36.30425242581238
9.476291525587305,-26.627310278287137,42.09522465739714,-35.33655821105985
16.989434121147237,-72.94385349412286,39.304615069421004,-38.78723430425165
0.0,-89.21975551739963,35.453436005227,-43.26753986068095
7.375644485561778,-67.56200058335445,32.92857288379483,-45.20164242149792
80.72409384358805,-1.2734418139076393,37.78294177366728,-40.64922694089156
89.81818804002258,-0.1626175060710753,42.98646640030282,-36.490642333287376
5.191522057745147,-83.43977352301124,39.208071202688274,-41.15024247516053
20.64752691566182,-66.97480605380655,37.498833567878755,-44.12347745897933
83.03187520992985,-1.0731303124186709,42.232962159564785,-39.765610683254565
0.08334342277353587,-77.82346851569528,38.01951173626734,-43.569678909246726
6.359537437375613,-62.391743202598406,35.0470486575232,-45.58860289583381
25.467394152898795,-64.53255577323891,34.2007244284348,-47.944402763727
7.5770401850614375,-20.754932072368803,31.872523943028767,-45.990249587720946
88.09829970710769,-1.9017002928923252,37.952727473635136,-42.25687557426862
78.91574829368346,-3.1147715745949163,42.36244940296822,-38.165619372774536
66.74248522776494,-23.252427988281756,44.941155275524224,-36.391727715241295
13.340940794307906,-76.47156507078796,41.799820850303355,-40.39297862636848
69.732774936577,-10.15698817973305,44.60637580091546,-37.338600955750735
69.70196901024148,-17.57872145804266,47.116759549328975,-35.34433819681962
74.21976218755388,-15.77278629836294,49.853991110861394,-33.30357231995105
38.6803481554263,-0.4180009029973433,48.82030620463086,-30.24145792634728
59.58134790279543,-12.449980614315269,49.9008073210122,-28.7386308058311
87.99898179815486,-0.8947370045745565,53.64041102826845,-26.270271960056593
63.256179420157736,-0.0,54.551422981961196,-23.62009209229521
0.8814039965821377,-0.0,49.115306579606504,-21.187663035737444
84.67714720645046,-4.759530941773413,52.68969674916113,-19.472025398860126
71.33646840301527,-18.558451429358943,54.61380139546257,-19.38066800191001
9.345820681022179,-4.657343303952922,50.08700332401853,-17.90558744051125
88.1764443266132,-1.262759373101846,54.157565744888686,-16.126434404762676
14.386383242939424,-74.15579206731276,50.348630700800626,-21.929232766437533
33.820531074725686,-0.9812925844527766,48.85768333361298,-19.553034168086384
21.1230381181544,-43.32907780894831,46.154569957105295,-22.03224921919548
16.16194668335949,-48.17412141780587,43.22799465263148,-24.8201158283695
82.22354609740538,-2.65034254854477,47.282542163521086,-22.58170338588321
88.9991857231287,-0.8951463973729455,51.642175985130706,-20.377734709932945
81.15334831195887,-8.846651688041142,54.67250695827154,-19.211160758888806
14.721538946116342,-22.043967149092172,50.77963916468961,-19.413097886458758
77.64626647680046,-2.3645841546811557,53.756912582923604,-17.62456712396802
76.86449863023529,-0.4647351750289426,56.38699943192958,-16.049011409990143
66.7523949467097,-20.60932194921698,57.991981731499195,-16.74632490666092
69.75493361105691,-20.177781652432575,59.4245364614397,-18.127012565970908
14.31386363426357,-74.86235997903582,55.48514093444728,-24.056669444681976
76.46034106409539,-1.3185405446663456,58.145470107717436,-22.254909989794918
14.80611512897644,-3.730957757570632,53.834000258698296,-20.947255224587757
61.42354077173914,-3.0279345549949572,54.5940535466436,-19.840147585109392
73.29172204404634,-15.849844679188395,56.75841581623121,-19.436239431921873
79.50620034596558,-5.201759013067639,59.054079765387854,-17.994104367135687
58.56775983549992,-26.10138605436681,59.01011952812426,-18.554481390820634
45.90989860083847,-34.543844823439564,57.790853160586515,-20.118242161563444
47.675830492390695,-22.340636000767763,56.77935089376694,-20.340275438613645
50.152973817450594,-20.24840014982434,56.400316239570415,-20.328889436452272
52.9719446605322,-24.821001597141475,56.198593585483394,-20.63506248458226
88.37673456906808,-1.5626226649889072,59.536224477735,-18.720879571325217
27.13882247552526,-62.647624881992634,56.298751453086545,-22.880515934453026
84.41664163304236,-4.357171853558894,59.14599085276152,-20.965044121783464
9.691648709347474,-11.614196846834643,54.220411600252184,-19.97719603550996
84.06222754839457,-0.32878090924129666,57.20459319506642,-18.007682767157903
28.485953269142584,-56.437187111045674,54.352858973466404,-21.769770606126833
26.876632818801152,-62.69573441969254,51.63628979311438,-26.07342042259791
31.167087719824245,-58.26411526812279,49.589781799525824,-29.265764716310706
75.04201192967739,-14.2309412550772,52.14448572857152,-27.744144965607205
73.50766631582094,-16.117741459330638,54.29921600103692,-26.576283240933748
83.29120254795556,-0.26126564131878527,57.1527963351181,-23.94148377104859
0.27256593036192545,-0.8920666297990968,51.54199466868828,-21.617855034022874
57.623225371470895,-4.256842936734424,52.308407815302424,-19.846440847194792
52.76994226560102,-0.7515075920254921,52.5917215656758,-17.884046758319087
40.695964594306204,-8.03187157794893,51.69138250976021,-16.686470461656114
4.019580898114723,-68.76080626382634,47.13525578371017,-21.68065213347619
0.8686203614803232,-76.30232055962014,42.5094166689681,-26.999437296701274
1.618572238455141,-65.05127171204032,38.45124825645116,-30.803521501593956
2.23829200089585,-87.75812330910509,34.921189272117005,-36.498706873184766
8.666546489302958,44.81690256635639,32.375076138873766,-28.365703181139054
17.383655464789964,-72.61632467461726,31.05401040734325,-32.7204141854487
50.52017464519177,-39.47613860942591,33.176573396013595,-33.250887391205204
54.572633302851116,-34.955644632038236,35.31672900501796,-33.2663707488763
61.46794028338484,-20.24557163152837,37.93714020919053,-31.878481676836167
78.72697136751376,-4.389882801674578,42.0235431723511,-28.846018735884893
44.00988542772111,-0.23325124908477388,42.0947346497965,-25.628589315449158
45.42705381780308,-24.18005955226634,42.29344748262769,-25.37807221699347
79.58223938060891,-0.46001543433364156,45.77685338998306,-22.74446501200993
13.739153776655359,-13.779840834697543,42.223526176741885,-21.70606366298098
41.150805885672376,-48.696441333365826,41.78373506366547,-24.295040361317174
43.25697388615254,-41.883507029864916,41.94864673217372,-25.76918473809561
39.104205341261306,-50.4640144532658,41.32165297476187,-27.93946923633019
76.1968755059187,-0.0,44.81480881566381,-24.863842923384194
75.51966864540763,-3.283168419766793,47.604233729935906,-22.38857699974001
76.34834322104957,-6.56459935132021,50.206583610344985,-20.382423509707188
88.14250472260412,-1.8439936327986337,53.79008411851746,-17.963229376978163
51.93223581590794,-8.488759836948747,53.33862753253132,-16.432637384807283
34.51728885856457,-21.17221220789839,51.034455497195715,-16.182472729711815
20.885775647892395,-0.08804439960656449,47.527198199288286,-13.99249554555625
86.26086392084517,-3.568704795401914,51.05767164167298,-12.242208073594252
8.87269367367802,-1.702725392625255,46.59335705098035,-10.395435378016437
80.97126665390839,-0.7003376294985719,49.61893427081514,-7.596795832172285
23.287094948360828,-24.253939427576793,46.74755949887505,-8.09731935201808
60.645800249900866,-2.429684461322889,48.17310876481733,-5.98200624462795
65.13231356480206,23.891423172953967,49.881120847869234,-1.868770173098766
10.71387818139414,-78.28862866263732,45.54242711557287,-8.94774075487705
0.0,-84.07130445378485,40.794787457450695,-15.01762384232508
0.04798916411057865,-43.64251498877947,36.7212068647579,-17.28199081956594
26.769761587658405,-43.86272676510105,35.72633714620826,-19.506552963737775
0.054077205400886286,-86.04886333779733,32.20321802235653,-26.020081711067398
18.151068577400565,-3.640148610628881,30.80707178015101,-23.723760156748735
24.231567342922006,-51.637191933219135,30.335292328794523,-26.493118601571346
9.228717443019754,-80.77128255698024,28.407314229530023,-31.7802327070359
11.311011991442703,-3.4193371643211696,26.983829043889234,-28.917143152764424
10.263143961097855,-65.26404448007034,25.382936108129183,-31.846123361830895
3.2361239075745516,-64.58405263370115,23.172308323188222,-34.89340483863624
-23.235700219405732,-65.59620630264138,18.81758380480669,-37.68063154992225
-69.27841366299948,-20.721586337000513,10.184480241232183,-35.949551456110996
27.746669307349418,-56.7334844271452,12.081676247080548,-37.85041803565717
80.91029525376332,-4.565681423495382,19.106339674466383,-34.51919628283794
37.54606572933508,52.201892516485096,20.987755028044855,-25.284003433439988
20.618295833250475,69.18994359648264,21.110129719252438,-15.754165982356124
80.55376722758504,-6.6642932761325655,27.196294996803253,-14.51046115448186
25.858817915651898,-60.35595192792554,27.238974769604148,-18.950941529536152
0.46387372639519553,-38.98947395176816,24.632640237802338,-20.60303904656851
60.3147767050242,-16.803917752142105,28.35055617460086,-19.903455161400682
34.08099150223796,-47.34762805285043,29.06457680660121,-22.62588771772123
54.41441227224966,-5.823789664010852,31.74500310125766,-20.856571042121185
70.38563864524323,-14.048271712249909,35.769623907564615,-20.14908462058444
84.60738056229448,-5.3190340633189885,40.7997354509002,-18.595453610659423
86.87385701898306,-3.1241491956367846,45.54798730236498,-16.976254466867083
70.9240489552219,-0.0,48.212555299711745,-15.274232073615488
0.10354398738721919,-75.82526372314892,43.40385264176174,-21.469762719484862
59.41231506640129,-30.54088485742748,45.004973693386,-22.372340582134086
74.82708465447475,-15.172915345525261,48.00587181239563,-21.616947676793814
68.414947545003,-21.58236004257064,50.09968014901515,-21.53860341718829
34.19884703010822,-17.315482873730822,48.5646273714756,-21.089909683453232
0.22207555269346138,-89.77792444730655,43.74576150257449,-27.885062304876733
1.11309672195917,-4.959158475001079,39.54047975733739,-26.014578792118176
32.85241170795796,-0.08017621717948789,38.88046684552921,-23.943275939204458
0.13878350609740617,-85.55229858989655,35.045939732960086,-29.53614766992252
39.76659208119601,-12.631611499834731,35.59055458610429,-27.150907793371758
-66.90893266371812,-4.537060637548488,25.375781433641134,-24.888698650308513
70.54574987341226,-2.200390184662955,29.894152323419775,-22.56566169687373
52.409280779491816,-10.490981329780777,32.145939978187286,-21.010285263217867
3.641617785391616,86.34163146499951,29.91217951463291,-9.960711911006815
0.2702611064941363,-0.0,26.950735765422085,-8.668808658837431
0.0,-18.132864911074034,24.466990433154685,-9.496496726809182
88.0828821986412,-1.3554804978332433,30.97841930435983,-10.019066859636778
14.741858527125505,-28.83322145534321,29.395503684651665,-13.021154074932614
37.124058053498764,-1.392638751300431,30.190343854360805,-12.842806359363289
79.5240083331057,-10.475991666894299,35.20780190528873,-13.44800275271181
